initial_equity,final_equity,roi_pct,pnl_usdt,mdd_pct,mdd7d_pct,trades,fees_usdt,path_mode,stopped,data_start,data_end,start_close,end_close,experiment,days,interval
21.005652395087967,52.92454032829338,151.953804303976,31.918887933205415,49.37720110594468,37.59436164860795,4240,5.74965464999979,ohlc,False,2026-01-08T16:30:00+00:00,2026-10-05T16:25:00+00:00,0.01622,0.01865,B0_baseline,270,5m
21.005652395087967,52.85221002194999,151.60946695618526,31.846557626862026,49.30336102476863,37.47832581341306,4230,5.736094143749793,olhc,False,2026-01-08T16:30:00+00:00,2026-10-05T16:25:00+00:00,0.01622,0.01865,B0_baseline,270,5m
21.005652395087967,19.30605833349247,-8.091127233891282,-1.6995940615954979,13.811827326417358,13.811827326417358,204,0.2935218063898815,ohlc,True,2026-01-08T16:30:00+00:00,2026-10-05T16:25:00+00:00,0.01622,0.01865,B1_SL_8pct,270,5m
21.005652395087967,19.25653222752296,-8.32690237211593,-1.7491201675650068,13.740560148393307,13.740560148393307,194,0.27989815037790006,olhc,True,2026-01-08T16:30:00+00:00,2026-10-05T16:25:00+00:00,0.01622,0.01865,B1_SL_8pct,270,5m
21.005652395087967,18.513654594998226,-11.863463001379948,-2.4919978000897416,17.34936093689307,14.969758748464962,204,0.29272860945445184,ohlc,True,2026-01-08T16:30:00+00:00,2026-10-05T16:25:00+00:00,0.01622,0.01865,B2_SL_12pct,270,5m
21.005652395087967,18.46687138521218,-12.086180243892187,-2.5387810098757875,17.27783784334191,14.898407802295399,194,0.27910769908429567,olhc,True,2026-01-08T16:30:00+00:00,2026-10-05T16:25:00+00:00,0.01622,0.01865,B2_SL_12pct,270,5m
21.005652395087967,21.32055326005889,1.4991244215988297,0.31490086497092307,0.8435628587938597,0.8435628587938597,16,0.02948634335341232,ohlc,True,2026-01-08T16:30:00+00:00,2026-10-05T16:25:00+00:00,0.01622,0.01865,B3_trailing_3pct,270,5m
21.005652395087967,21.295164322475504,1.3782572516302105,0.2895119273875366,0.7764941862582257,0.7764941862582257,12,0.02403129686934486,olhc,True,2026-01-08T16:30:00+00:00,2026-10-05T16:25:00+00:00,0.01622,0.01865,B3_trailing_3pct,270,5m
21.005652395087967,21.260575583190032,1.2135932905453561,0.25492318810206527,1.6576596615237864,1.6576596615237864,35,0.056574466299489555,ohlc,True,2026-01-08T16:30:00+00:00,2026-10-05T16:25:00+00:00,0.01622,0.01865,B4_trailing_5pct,270,5m
21.005652395087967,21.235716081003268,1.0952465631065111,0.2300636859153009,1.6529257795435355,1.6529257795435355,31,0.05111994978078408,olhc,True,2026-01-08T16:30:00+00:00,2026-10-05T16:25:00+00:00,0.01622,0.01865,B4_trailing_5pct,270,5m
21.005652395087967,21.32055326005889,1.4991244215988297,0.31490086497092307,0.8435628587938597,0.8435628587938597,16,0.02948634335341232,ohlc,True,2026-01-08T16:30:00+00:00,2026-10-05T16:25:00+00:00,0.01622,0.01865,B5_SL8_trailing3,270,5m
21.005652395087967,21.295164322475504,1.3782572516302105,0.2895119273875366,0.7764941862582257,0.7764941862582257,12,0.02403129686934486,olhc,True,2026-01-08T16:30:00+00:00,2026-10-05T16:25:00+00:00,0.01622,0.01865,B5_SL8_trailing3,270,5m
