investment_usdt,qty_per_order,initial_equity,final_equity,roi_pct,pnl_usdt,grid_profit_usdt,unrealized_pnl_usdt,mdd_pct,mdd7d_pct,trades,matched_trades,fees_usdt,path_mode,stopped,stop_price,data_start,data_end,start_close,end_close,experiment,days,interval
21.69681,128.26964232929348,21.69681,64.30076256283922,196.36044452082692,42.603952562839225,30.714637761511828,11.889314801327394,24.79150871872629,0.6929444081620111,3154,1567,6.63371142844559,ohlc,False,,2026-07-09T08:00:00+00:00,2026-10-07T07:55:00+00:00,0.00995,0.01753,B0_baseline,90,5m
21.69681,128.26964232929348,21.69681,64.23048651265229,196.03654414013994,42.53367651265229,30.644361711324905,11.889314801327387,24.79150871872629,0.6908263025076016,3144,1562,6.618018538907551,olhc,False,,2026-07-09T08:00:00+00:00,2026-10-07T07:55:00+00:00,0.00995,0.01753,B0_baseline,90,5m
21.69681,128.26964232929348,21.69681,48.57257706941975,123.86967056180033,26.87576706941975,14.426576651352727,12.449190418067026,25.113027234530005,3.0597236676632424,1496,737,3.1428204078033253,one_direction,False,,2026-07-09T08:00:00+00:00,2026-10-07T07:55:00+00:00,0.00995,0.01753,B0_baseline,90,5m
21.69681,128.26964232929348,21.69681,45.23734761785556,108.49768983484466,23.540537617855563,11.651222816528175,11.889314801327387,24.79150871872629,1.209710672645473,1210,595,2.5431432583968134,close_only,False,,2026-07-09T08:00:00+00:00,2026-10-07T07:55:00+00:00,0.00995,0.01753,B0_baseline,90,5m
21.69681,242.28710217755443,21.69681,53.231982237862184,145.344740714705,31.535172237862188,23.384518122571134,8.150654115291054,33.148007749978945,0.5155087794279327,366,178,1.4202368695045229,ohlc,False,,2026-07-09T08:00:00+00:00,2026-10-07T07:55:00+00:00,0.00995,0.01753,R0.0135_0.0180_G8,90,5m
21.69681,242.28710217755443,21.69681,53.685063305244526,147.43297888143246,31.98825330524453,23.837599189953476,8.150654115291054,33.148007749978945,0.5097713682280127,372,181,1.4469022498917772,olhc,False,,2026-07-09T08:00:00+00:00,2026-10-07T07:55:00+00:00,0.00995,0.01753,R0.0135_0.0180_G8,90,5m
21.69681,167.73722458446073,21.69681,57.101217850562534,163.1779411377181,35.404407850562535,25.96784421242961,9.436563638132924,30.576777278824284,0.4987071461332991,904,445,2.4130256922880684,ohlc,False,,2026-07-09T08:00:00+00:00,2026-10-07T07:55:00+00:00,0.00995,0.01753,R0.0135_0.0180_G12,90,5m
21.69681,167.73722458446073,21.69681,56.83799137634833,161.96473756440847,35.14118137634833,25.704617738215404,9.436563638132924,30.576777278824284,0.5026110356361384,892,439,2.388560141056548,olhc,False,,2026-07-09T08:00:00+00:00,2026-10-07T07:55:00+00:00,0.00995,0.01753,R0.0135_0.0180_G12,90,5m
21.69681,128.26964232929348,21.69681,58.82860975780471,171.13944288494352,37.131799757804714,26.979564051288094,10.152235706516617,29.215537617624744,0.43863181166306586,1683,832,3.4386493315134805,ohlc,False,,2026-07-09T08:00:00+00:00,2026-10-07T07:55:00+00:00,0.00995,0.01753,R0.0135_0.0180_G16,90,5m
21.69681,128.26964232929348,21.69681,58.458103079274274,169.43178780324976,36.761293079274274,26.609057372757658,10.152235706516617,29.215537617624744,0.4441101460595532,1657,819,3.3915400078521185,olhc,False,,2026-07-09T08:00:00+00:00,2026-10-07T07:55:00+00:00,0.00995,0.01753,R0.0135_0.0180_G16,90,5m
21.69681,103.83732950466612,21.69681,58.67900060349741,170.44989841132136,36.98219060349741,26.412725089783684,10.569465513713723,28.37286544640602,0.5035896371251497,2629,1303,4.341473645754758,ohlc,False,,2026-07-09T08:00:00+00:00,2026-10-07T07:55:00+00:00,0.00995,0.01753,R0.0135_0.0180_G20,90,5m
21.69681,103.83732950466612,21.69681,58.19417934925829,168.21537059714444,36.49736934925829,25.927903835544573,10.569465513713723,28.37286544640602,0.4964985142927012,2577,1277,4.2619099750861125,olhc,False,,2026-07-09T08:00:00+00:00,2026-10-07T07:55:00+00:00,0.00995,0.01753,R0.0135_0.0180_G20,90,5m
21.69681,87.22335678391953,21.69681,57.75323013817713,166.18304782213207,36.05642013817713,25.183278061531922,10.873142076645209,27.799848369977255,0.621555895268541,3700,1836,5.136895924714613,ohlc,False,,2026-07-09T08:00:00+00:00,2026-10-07T07:55:00+00:00,0.00995,0.01753,R0.0135_0.0180_G24,90,5m
21.69681,87.22335678391953,21.69681,57.451777023325164,164.79365871446154,35.754967023325165,24.88182494667996,10.873142076645209,27.799848369977255,0.6153770843363019,3650,1811,5.0750271288278155,olhc,False,,2026-07-09T08:00:00+00:00,2026-10-07T07:55:00+00:00,0.00995,0.01753,R0.0135_0.0180_G24,90,5m
21.69681,66.07830059387842,21.69681,56.09733165531506,158.55105729973698,34.40052165531506,23.166905465835708,11.23361618947935,27.07055390906794,0.8415724041058374,6440,3202,6.768801499914633,ohlc,False,,2026-07-09T08:00:00+00:00,2026-10-07T07:55:00+00:00,0.00995,0.01753,R0.0135_0.0180_G32,90,5m
21.69681,66.07830059387842,21.69681,55.635425647610134,156.42214522600392,33.938615647610135,22.704999458130782,11.23361618947935,27.07055390906794,0.8553523421237614,6308,3136,6.633967949408381,olhc,False,,2026-07-09T08:00:00+00:00,2026-10-07T07:55:00+00:00,0.00995,0.01753,R0.0135_0.0180_G32,90,5m
21.69681,242.28710217755443,21.69681,57.24892215905028,163.85870622939632,35.55211215905028,26.82902550259724,8.723086656453045,24.791508718726316,0.5197030630415697,480,235,1.869928867481655,ohlc,False,,2026-07-09T08:00:00+00:00,2026-10-07T07:55:00+00:00,0.00995,0.01753,R0.0140_0.0180_G8,90,5m
21.69681,242.28710217755443,21.69681,57.7851820898581,166.33031348782654,36.0883720898581,27.365285433405056,8.723086656453045,24.791508718726316,0.51317248606639,488,239,1.9063316072478969,olhc,False,,2026-07-09T08:00:00+00:00,2026-10-07T07:55:00+00:00,0.00995,0.01753,R0.0140_0.0180_G8,90,5m
21.69681,167.73722458446073,21.69681,57.950181166302656,167.09078968891123,36.25337116630266,26.186893815557198,10.066477350745455,24.7915087187263,0.6144355866071834,1049,517,2.820787788283042,ohlc,False,,2026-07-09T08:00:00+00:00,2026-10-07T07:55:00+00:00,0.00995,0.01753,R0.0140_0.0180_G12,90,5m
21.69681,167.73722458446073,21.69681,58.29950528493529,168.70081493516923,36.602695284935294,26.536217934189835,10.066477350745455,24.7915087187263,0.59249360715874,1059,522,2.857315281522357,olhc,False,,2026-07-09T08:00:00+00:00,2026-10-07T07:55:00+00:00,0.00995,0.01753,R0.0140_0.0180_G12,90,5m
21.69681,128.26964232929348,21.69681,60.6678949942787,179.6166579062945,38.9710849942787,28.23927039625272,10.731814598025977,24.79150871872629,0.5169781573040255,2037,1009,4.190276325506074,ohlc,False,,2026-07-09T08:00:00+00:00,2026-10-07T07:55:00+00:00,0.00995,0.01753,R0.0140_0.0180_G16,90,5m
21.69681,128.26964232929348,21.69681,60.698499100579674,179.75771138973738,39.001689100579675,28.269874502553698,10.731814598025977,24.79150871872629,0.5180087830713287,2033,1007,4.1938285421577515,olhc,False,,2026-07-09T08:00:00+00:00,2026-10-07T07:55:00+00:00,0.00995,0.01753,R0.0140_0.0180_G16,90,5m
21.69681,103.83732950466612,21.69681,60.81138422807545,180.27799583475843,39.11457422807545,27.939165408182582,11.175408819892866,24.79150871872632,0.6076626999734672,3228,1602,5.378795948917706,ohlc,False,,2026-07-09T08:00:00+00:00,2026-10-07T07:55:00+00:00,0.00995,0.01753,R0.0140_0.0180_G20,90,5m
21.69681,103.83732950466612,21.69681,60.62271569584395,179.4084277635466,38.92590569584395,27.750496875951086,11.175408819892866,24.79150871872632,0.6038141532540512,3202,1589,5.342057995624506,olhc,False,,2026-07-09T08:00:00+00:00,2026-10-07T07:55:00+00:00,0.00995,0.01753,R0.0140_0.0180_G20,90,5m
21.69681,87.22335678391953,21.69681,59.82867304655103,175.74870705210137,38.13186304655103,26.676644056006637,11.455218990544395,24.791508718726305,0.7447150428935785,4590,2281,6.412456675198972,ohlc,False,,2026-07-09T08:00:00+00:00,2026-10-07T07:55:00+00:00,0.00995,0.01753,R0.0140_0.0180_G24,90,5m
21.69681,87.22335678391953,21.69681,59.405073093493456,173.79634652971316,37.70826309349346,26.25304410294906,11.455218990544395,24.791508718726305,0.7461165109883933,4514,2243,6.310682394523028,olhc,False,,2026-07-09T08:00:00+00:00,2026-10-07T07:55:00+00:00,0.00995,0.01753,R0.0140_0.0180_G24,90,5m
21.69681,66.07830059387842,21.69681,57.215830610727316,163.70618819415074,35.51902061072732,23.691089065648057,11.82793154507926,24.79150871872631,1.0026471434392483,7819,3891,8.272910659059537,ohlc,False,,2026-07-09T08:00:00+00:00,2026-10-07T07:55:00+00:00,0.00995,0.01753,R0.0140_0.0180_G32,90,5m
21.69681,66.07830059387842,21.69681,56.86481958510303,162.08838804000695,35.16800958510303,23.34007804002377,11.82793154507926,24.79150871872631,1.0164104750018306,7703,3833,8.150802815459201,olhc,False,,2026-07-09T08:00:00+00:00,2026-10-07T07:55:00+00:00,0.00995,0.01753,R0.0140_0.0180_G32,90,5m
21.69681,242.28710217755443,21.69681,60.00155187391281,176.54550080824237,38.30474187391281,29.0150896981262,9.28965217578661,24.791508718726316,0.6771754691465159,602,296,2.3670570988687087,ohlc,False,,2026-07-09T08:00:00+00:00,2026-10-07T07:55:00+00:00,0.00995,0.01753,R0.0145_0.0180_G8,90,5m
21.69681,242.28710217755443,21.69681,60.95035770626016,180.91852076992038,39.25354770626016,29.963895530473547,9.28965217578661,24.791508718726316,0.6633826506201796,620,305,2.442945439703188,olhc,False,,2026-07-09T08:00:00+00:00,2026-10-07T07:55:00+00:00,0.00995,0.01753,R0.0145_0.0180_G8,90,5m
21.69681,167.73722458446073,21.69681,63.116429103243334,190.90188420898434,41.419619103243335,30.79176647383395,10.627852629409382,24.7915087187263,0.5593352509118842,1433,709,3.906945427467708,ohlc,False,,2026-07-09T08:00:00+00:00,2026-10-07T07:55:00+00:00,0.00995,0.01753,R0.0145_0.0180_G12,90,5m
21.69681,167.73722458446073,21.69681,63.165950620956295,191.1301275208489,41.469140620956296,30.841287991546917,10.627852629409382,24.7915087187263,0.5593131983314275,1435,710,3.913114121181879,olhc,False,,2026-07-09T08:00:00+00:00,2026-10-07T07:55:00+00:00,0.00995,0.01753,R0.0145_0.0180_G12,90,5m
21.69681,128.26964232929348,21.69681,62.89467971192188,189.8798473689076,41.19786971192188,29.892912771771687,11.304956940150198,24.79150871872629,0.5570690837260245,2529,1255,5.271287100086676,ohlc,False,,2026-07-09T08:00:00+00:00,2026-10-07T07:55:00+00:00,0.00995,0.01753,R0.0145_0.0180_G16,90,5m
21.69681,128.26964232929348,21.69681,62.63248424600293,188.67139568444824,40.93567424600293,29.630717305852734,11.304956940150198,24.79150871872629,0.5580797213858391,2505,1243,5.22504440560782,olhc,False,,2026-07-09T08:00:00+00:00,2026-10-07T07:55:00+00:00,0.00995,0.01753,R0.0145_0.0180_G16,90,5m
21.69681,103.83732950466612,21.69681,61.91626404692607,185.3703565036799,40.21945404692607,28.47466472374071,11.744789323185358,24.79150871872632,0.7199312662354468,3896,1936,6.56738007761224,ohlc,False,,2026-07-09T08:00:00+00:00,2026-10-07T07:55:00+00:00,0.00995,0.01753,R0.0145_0.0180_G20,90,5m
21.69681,103.83732950466612,21.69681,61.43636491707676,183.15851462531478,39.73955491707676,27.9947655938914,11.744789323185358,24.79150871872632,0.7220575185745509,3830,1903,6.457245964307072,olhc,False,,2026-07-09T08:00:00+00:00,2026-10-07T07:55:00+00:00,0.00995,0.01753,R0.0145_0.0180_G20,90,5m
21.69681,87.22335678391953,21.69681,60.52502120251047,178.9581565331976,38.828211202510474,26.797546589249272,12.030664613261202,24.791508718726305,0.8690452317852435,5496,2734,7.779827593798106,ohlc,False,,2026-07-09T08:00:00+00:00,2026-10-07T07:55:00+00:00,0.00995,0.01753,R0.0145_0.0180_G24,90,5m
21.69681,87.22335678391953,21.69681,60.07556606306511,176.8866301685138,38.37875606306511,26.348091449803906,12.030664613261202,24.791508718726305,0.8907810578158234,5404,2688,7.64995681266335,olhc,False,,2026-07-09T08:00:00+00:00,2026-10-07T07:55:00+00:00,0.00995,0.01753,R0.0145_0.0180_G24,90,5m
21.69681,66.07830059387842,21.69681,56.95644700509841,162.5106962963607,35.25963700509841,22.855085491729646,12.404551513368766,24.79150871872631,1.193942283944681,9167,4565,9.822766533199092,ohlc,False,,2026-07-09T08:00:00+00:00,2026-10-07T07:55:00+00:00,0.00995,0.01753,R0.0145_0.0180_G32,90,5m
21.69681,66.07830059387842,21.69681,56.68868178157149,161.27657375241563,34.99187178157149,22.587320268202728,12.404551513368766,24.79150871872631,1.2054985478608462,9061,4512,9.708347823202594,olhc,False,,2026-07-09T08:00:00+00:00,2026-10-07T07:55:00+00:00,0.00995,0.01753,R0.0145_0.0180_G32,90,5m
21.69681,242.28710217755443,21.69681,64.72912339332711,198.3347477962296,43.03231339332712,33.10113973216255,9.931173661164571,24.791508718726316,0.7352321753184984,817,403,3.2414109643551283,ohlc,False,,2026-07-09T08:00:00+00:00,2026-10-07T07:55:00+00:00,0.00995,0.01753,R0.0150_0.0180_G8,90,5m
21.69681,242.28710217755443,21.69681,65.01311036186377,199.6436359163572,43.316300361863775,33.3851267006992,9.931173661164571,24.791508718726316,0.730864791369899,823,406,3.2686615279205613,olhc,False,,2026-07-09T08:00:00+00:00,2026-10-07T07:55:00+00:00,0.00995,0.01753,R0.0150_0.0180_G8,90,5m
21.69681,167.73722458446073,21.69681,64.10660953558802,195.46559856305154,42.40979953558802,31.226235947863753,11.183563587724272,24.7915087187263,0.6317639241827993,1745,865,4.802925380763092,ohlc,False,,2026-07-09T08:00:00+00:00,2026-10-07T07:55:00+00:00,0.00995,0.01753,R0.0150_0.0180_G12,90,5m
21.69681,167.73722458446073,21.69681,64.70940079843835,198.24384689932924,43.01259079843835,31.82902721071408,11.183563587724272,24.7915087187263,0.6233293775187239,1777,881,4.89454496412107,olhc,False,,2026-07-09T08:00:00+00:00,2026-10-07T07:55:00+00:00,0.00995,0.01753,R0.0150_0.0180_G12,90,5m
21.69681,128.26964232929348,21.69681,64.30076256283922,196.36044452082692,42.603952562839225,30.714637761511828,11.889314801327394,24.79150871872629,0.6929444081620111,3154,1567,6.63371142844559,ohlc,False,,2026-07-09T08:00:00+00:00,2026-10-07T07:55:00+00:00,0.00995,0.01753,R0.0150_0.0180_G16,90,5m
21.69681,128.26964232929348,21.69681,64.23048651265229,196.03654414013994,42.53367651265229,30.644361711324905,11.889314801327387,24.79150871872629,0.6908263025076016,3144,1562,6.618018538907551,olhc,False,,2026-07-09T08:00:00+00:00,2026-10-07T07:55:00+00:00,0.00995,0.01753,R0.0150_0.0180_G16,90,5m
21.69681,103.83732950466612,21.69681,62.25493772128393,186.93129414547084,40.55812772128393,28.250031750244588,12.308095971039343,24.79150871872632,0.8544881378215234,4730,2353,8.06291556415878,ohlc,False,,2026-07-09T08:00:00+00:00,2026-10-07T07:55:00+00:00,0.00995,0.01753,R0.0150_0.0180_G20,90,5m
21.69681,103.83732950466612,21.69681,62.073672271390514,186.09584667695626,40.376862271390515,28.06876630035117,12.308095971039343,24.79150871872632,0.8877089971504831,4704,2340,8.012387293726762,olhc,False,,2026-07-09T08:00:00+00:00,2026-10-07T07:55:00+00:00,0.00995,0.01753,R0.0150_0.0180_G20,90,5m
21.69681,87.22335678391953,21.69681,60.27595167072336,177.81020191780894,38.57914167072336,25.973324150996266,12.605817519727097,24.791508718726305,1.0487503051214264,6603,3287,9.445873904436407,ohlc,False,,2026-07-09T08:00:00+00:00,2026-10-07T07:55:00+00:00,0.00995,0.01753,R0.0150_0.0180_G24,90,5m
21.69681,87.22335678391953,21.69681,60.080921983077666,176.9113154564089,38.384111983077666,25.77829446335057,12.605817519727097,24.791508718726305,1.0720673983937976,6555,3263,9.375578157193262,olhc,False,,2026-07-09T08:00:00+00:00,2026-10-07T07:55:00+00:00,0.00995,0.01753,R0.0150_0.0180_G24,90,5m
21.69681,66.07830059387842,21.69681,55.8430313836623,157.3789943483042,34.1462213836623,21.169086160735986,12.977135222926314,24.79150871872631,1.441322783682201,10826,5394,11.721850340983517,ohlc,False,,2026-07-09T08:00:00+00:00,2026-10-07T07:55:00+00:00,0.00995,0.01753,R0.0150_0.0180_G32,90,5m
21.69681,66.07830059387842,21.69681,55.68692454003641,156.6595022034871,33.99011454003641,21.012979317110094,12.977135222926314,24.79150871872631,1.4549312587992198,10748,5355,11.636101193554259,olhc,False,,2026-07-09T08:00:00+00:00,2026-10-07T07:55:00+00:00,0.00995,0.01753,R0.0150_0.0180_G32,90,5m
21.69681,242.28710217755443,21.69681,64.50258545360464,197.29064066839615,42.80577545360464,32.353238953425155,10.452536500179484,24.874439655390496,0.8419158663984609,975,482,3.9360516416386497,ohlc,False,,2026-07-09T08:00:00+00:00,2026-10-07T07:55:00+00:00,0.00995,0.01753,R0.0155_0.0180_G8,90,5m
21.69681,242.28710217755443,21.69681,64.37736858953653,196.7135195889927,42.680558589536524,32.22802208935704,10.452536500179484,24.874439655390496,0.8453919242286648,971,480,3.9209272611615043,olhc,False,,2026-07-09T08:00:00+00:00,2026-10-07T07:55:00+00:00,0.00995,0.01753,R0.0155_0.0180_G8,90,5m
21.69681,167.73722458446073,21.69681,65.45634107990918,201.6864740941603,43.75953107990919,31.993665640033555,11.765865439875633,24.7915087187263,0.8235101632107775,2220,1102,6.197248319440851,ohlc,False,,2026-07-09T08:00:00+00:00,2026-10-07T07:55:00+00:00,0.00995,0.01753,R0.0155_0.0180_G12,90,5m
21.69681,167.73722458446073,21.69681,65.2847146273679,200.89545249909045,43.587904627367905,31.822039187492273,11.765865439875633,24.7915087187263,0.828830781946401,2208,1096,6.1642014592961765,olhc,False,,2026-07-09T08:00:00+00:00,2026-10-07T07:55:00+00:00,0.00995,0.01753,R0.0155_0.0180_G12,90,5m
21.69681,128.26964232929348,21.69681,63.833510971544186,194.2068947994852,42.13670097154419,29.699938467918866,12.436762503625324,24.79150871872629,0.8174370227669626,3840,1910,8.194496061644468,ohlc,False,,2026-07-09T08:00:00+00:00,2026-10-07T07:55:00+00:00,0.00995,0.01753,R0.0155_0.0180_G16,90,5m
21.69681,128.26964232929348,21.69681,63.26680962042333,191.59498387285197,41.56999962042333,29.133237116798004,12.436762503625324,24.79150871872629,0.8509022209672661,3768,1874,8.03920285028278,olhc,False,,2026-07-09T08:00:00+00:00,2026-10-07T07:55:00+00:00,0.00995,0.01753,R0.0155_0.0180_G16,90,5m
21.69681,103.83732950466612,21.69681,60.925035254461136,180.80181028667872,39.22822525446114,26.35632791724082,12.871897337220318,24.79150871872632,1.043814887302965,5657,2816,9.771315849598952,ohlc,False,,2026-07-09T08:00:00+00:00,2026-10-07T07:55:00+00:00,0.00995,0.01753,R0.0155_0.0180_G20,90,5m
21.69681,103.83732950466612,21.69681,60.69046094435606,179.72066374898458,38.99365094435606,26.121753607135744,12.871897337220318,24.79150871872632,1.0705945703891995,5609,2792,9.685337550579588,olhc,False,,2026-07-09T08:00:00+00:00,2026-10-07T07:55:00+00:00,0.00995,0.01753,R0.0155_0.0180_G20,90,5m
21.69681,87.22335678391953,21.69681,58.04801368702202,167.54169708368198,36.35120368702202,23.18340632399735,13.167797363024675,24.791508718726305,1.2805138183881761,7686,3828,11.153616426321236,ohlc,False,,2026-07-09T08:00:00+00:00,2026-10-07T07:55:00+00:00,0.00995,0.01753,R0.0155_0.0180_G24,90,5m
21.69681,87.22335678391953,21.69681,57.782892933344954,166.3197628284755,36.086082933344954,22.918285570320283,13.167797363024675,24.791508718726305,1.2975412838466263,7602,3786,11.027610094167962,olhc,False,,2026-07-09T08:00:00+00:00,2026-10-07T07:55:00+00:00,0.00995,0.01753,R0.0155_0.0180_G24,90,5m
21.69681,66.07830059387842,21.69681,52.90676250652888,143.84581192594158,31.209952506528882,17.67277229208079,13.537180214448092,24.79150871872631,1.7433857201908942,12337,6149,13.554083657846952,ohlc,False,,2026-07-09T08:00:00+00:00,2026-10-07T07:55:00+00:00,0.00995,0.01753,R0.0155_0.0180_G32,90,5m
21.69681,66.07830059387842,21.69681,52.7848359236994,143.28385566218904,31.088025923699398,17.550845709251305,13.537180214448092,24.79150871872631,1.752288125875969,12257,6109,13.462401494679957,olhc,False,,2026-07-09T08:00:00+00:00,2026-10-07T07:55:00+00:00,0.00995,0.01753,R0.0155_0.0180_G32,90,5m
21.69681,242.28710217755443,21.69681,55.90209886918916,157.65123476303273,34.20528886918916,25.133220670664294,9.072068198524867,24.791508718726316,0.978518175515814,401,195,1.579096567346514,ohlc,False,,2026-07-09T08:00:00+00:00,2026-10-07T07:55:00+00:00,0.00995,0.01753,R0.0140_0.0185_G8,90,5m
21.69681,242.28710217755443,21.69681,56.62311874214368,160.9743955085733,34.92630874214368,25.854240543618815,9.072068198524867,24.791508718726316,0.9657720118207634,411,200,1.622993379759303,olhc,False,,2026-07-09T08:00:00+00:00,2026-10-07T07:55:00+00:00,0.00995,0.01753,R0.0140_0.0185_G8,90,5m
21.69681,167.73722458446073,21.69681,60.59519710959407,179.28159535707815,38.89838710959407,28.50759695484271,10.390790154751357,24.7915087187263,0.9821816515491759,1008,496,2.742122775488553,ohlc,False,,2026-07-09T08:00:00+00:00,2026-10-07T07:55:00+00:00,0.00995,0.01753,R0.0140_0.0185_G12,90,5m
21.69681,167.73722458446073,21.69681,59.998031168425165,176.52927397357107,38.301221168425165,27.910431013673808,10.390790154751357,24.7915087187263,0.9966418788849808,986,485,2.685444464019518,olhc,False,,2026-07-09T08:00:00+00:00,2026-10-07T07:55:00+00:00,0.00995,0.01753,R0.0140_0.0185_G12,90,5m
21.69681,128.26964232929348,21.69681,61.391102685751164,182.949902247156,39.694292685751165,28.605153406915363,11.089139278835802,24.79150871872629,0.8025577598318916,1815,897,3.7763396901563264,ohlc,False,,2026-07-09T08:00:00+00:00,2026-10-07T07:55:00+00:00,0.00995,0.01753,R0.0140_0.0185_G16,90,5m
21.69681,128.26964232929348,21.69681,60.740823213081214,179.95278205911936,39.044013213081215,27.954873934245413,11.089139278835802,24.79150871872629,0.8166831386562174,1771,875,3.6910588512593967,olhc,False,,2026-07-09T08:00:00+00:00,2026-10-07T07:55:00+00:00,0.00995,0.01753,R0.0140_0.0185_G16,90,5m
21.69681,103.83732950466612,21.69681,61.646379001679804,184.12646375978682,39.949569001679805,28.456653875775295,11.49291512590451,24.79150871872632,0.7561547538816698,2873,1424,4.845791448893003,ohlc,False,,2026-07-09T08:00:00+00:00,2026-10-07T07:55:00+00:00,0.00995,0.01753,R0.0140_0.0185_G20,90,5m
21.69681,103.83732950466612,21.69681,61.30914040902672,182.57214037006693,39.61233040902672,28.11941528312221,11.49291512590451,24.79150871872632,0.7278122463215402,2839,1407,4.788834522143792,olhc,False,,2026-07-09T08:00:00+00:00,2026-10-07T07:55:00+00:00,0.00995,0.01753,R0.0140_0.0185_G20,90,5m
21.69681,87.22335678391953,21.69681,61.05141924173601,181.38431060481247,39.354609241736014,27.563074203834564,11.791535037901454,24.791508718726305,0.7357460245093591,4118,2044,5.829386394845142,ohlc,False,,2026-07-09T08:00:00+00:00,2026-10-07T07:55:00+00:00,0.00995,0.01753,R0.0140_0.0185_G24,90,5m
21.69681,87.22335678391953,21.69681,60.49421220831341,178.81615872708204,38.79740220831341,27.005867170411953,11.791535037901454,24.791508718726305,0.750956113234176,4034,2002,5.712214906905182,olhc,False,,2026-07-09T08:00:00+00:00,2026-10-07T07:55:00+00:00,0.00995,0.01753,R0.0140_0.0185_G24,90,5m
21.69681,66.07830059387842,21.69681,59.073483164044205,172.2680576731981,37.376673164044206,25.20504516832556,12.171627995718644,24.79150871872631,0.6610722122211744,7142,3551,7.653315753147445,ohlc,False,,2026-07-09T08:00:00+00:00,2026-10-07T07:55:00+00:00,0.00995,0.01753,R0.0140_0.0185_G32,90,5m
21.69681,66.07830059387842,21.69681,58.801894496923566,171.0163129829849,37.10508449692357,24.933456501204926,12.171627995718644,24.79150871872631,0.6629241305865744,7070,3515,7.57199875058648,olhc,False,,2026-07-09T08:00:00+00:00,2026-10-07T07:55:00+00:00,0.00995,0.01753,R0.0140_0.0185_G32,90,5m
21.69681,242.28710217755443,21.69681,59.52219242245104,174.33614629270866,37.82538242245104,28.219131882724334,9.606250539726709,24.791508718726316,1.0360046666239928,511,250,2.0339110961904328,ohlc,False,,2026-07-09T08:00:00+00:00,2026-10-07T07:55:00+00:00,0.00995,0.01753,R0.0145_0.0185_G8,90,5m
21.69681,242.28710217755443,21.69681,60.196826228986566,177.44551493508294,38.50001622898657,28.89376568925986,9.606250539726709,24.791508718726316,1.0212865787030272,521,255,2.0811926297431267,olhc,False,,2026-07-09T08:00:00+00:00,2026-10-07T07:55:00+00:00,0.00995,0.01753,R0.0145_0.0185_G8,90,5m
21.69681,167.73722458446073,21.69681,63.0220575095543,190.46692813162073,41.3252475095543,30.394045595597568,10.931201913956734,24.7915087187263,0.9739288402031858,1228,606,3.380609752705781,ohlc,False,,2026-07-09T08:00:00+00:00,2026-10-07T07:55:00+00:00,0.00995,0.01753,R0.0145_0.0185_G12,90,5m
21.69681,167.73722458446073,21.69681,62.658228882034834,188.79005200319693,40.961418882034835,30.030216968078097,10.931201913956734,24.7915087187263,0.9828297013605094,1212,598,3.340450896337876,olhc,False,,2026-07-09T08:00:00+00:00,2026-10-07T07:55:00+00:00,0.00995,0.01753,R0.0145_0.0185_G12,90,5m
21.69681,128.26964232929348,21.69681,63.90441748475902,194.53370096691185,42.20760748475902,30.57480287112382,11.632804613635201,24.79150871872629,0.9413385547309647,2229,1104,4.694849997649772,ohlc,False,,2026-07-09T08:00:00+00:00,2026-10-07T07:55:00+00:00,0.00995,0.01753,R0.0145_0.0185_G16,90,5m
21.69681,128.26964232929348,21.69681,63.56375892159373,192.96361502724932,41.86694892159373,30.234144307958527,11.632804613635201,24.79150871872629,0.9507038940543772,2201,1090,4.642504221838479,olhc,False,,2026-07-09T08:00:00+00:00,2026-10-07T07:55:00+00:00,0.00995,0.01753,R0.0145_0.0185_G16,90,5m
21.69681,103.83732950466612,21.69681,62.46450169796147,187.8971687449052,40.76769169796147,28.7005104875665,12.06718121039497,24.79150871872632,0.8517812879468093,3356,1665,5.724115076768502,ohlc,False,,2026-07-09T08:00:00+00:00,2026-10-07T07:55:00+00:00,0.00995,0.01753,R0.0145_0.0185_G20,90,5m
21.69681,103.83732950466612,21.69681,61.81059428904319,184.88332749857324,40.11378428904319,28.046603078648218,12.06718121039497,24.79150871872632,0.898625701161928,3280,1627,5.594703628051128,olhc,False,,2026-07-09T08:00:00+00:00,2026-10-07T07:55:00+00:00,0.00995,0.01753,R0.0145_0.0185_G20,90,5m
21.69681,87.22335678391953,21.69681,61.960561377157234,185.57452167925717,40.263751377157234,27.901172612032756,12.362578765124482,24.791508718726305,0.8300315431360672,4855,2412,6.953097512423644,ohlc,False,,2026-07-09T08:00:00+00:00,2026-10-07T07:55:00+00:00,0.00995,0.01753,R0.0145_0.0185_G24,90,5m
21.69681,87.22335678391953,21.69681,61.879430689381806,185.20059257274139,40.18262068938181,27.820041924257325,12.362578765124482,24.791508718726305,0.8145409350570931,4843,2406,6.933349593209752,olhc,False,,2026-07-09T08:00:00+00:00,2026-10-07T07:55:00+00:00,0.00995,0.01753,R0.0145_0.0185_G24,90,5m
21.69681,66.07830059387842,21.69681,58.9021739479251,171.47849821206484,37.2053639479251,24.47494432510137,12.730419622823732,24.79150871872631,0.763596489280235,8186,4073,8.877937210076718,ohlc,False,,2026-07-09T08:00:00+00:00,2026-10-07T07:55:00+00:00,0.00995,0.01753,R0.0145_0.0185_G32,90,5m
21.69681,66.07830059387842,21.69681,58.54796869807926,169.84597596641746,36.85115869807926,24.12073907525553,12.730419622823732,24.79150871872631,0.767626566654058,8068,4014,8.750073422390619,olhc,False,,2026-07-09T08:00:00+00:00,2026-10-07T07:55:00+00:00,0.00995,0.01753,R0.0145_0.0185_G32,90,5m
21.69681,242.28710217755443,21.69681,61.32899920095921,182.66366899539247,39.63218920095921,29.496458548620993,10.135730652338218,24.791508718726316,1.3796324916241718,621,305,2.488783626921548,ohlc,False,,2026-07-09T08:00:00+00:00,2026-10-07T07:55:00+00:00,0.00995,0.01753,R0.0150_0.0185_G8,90,5m
21.69681,242.28710217755443,21.69681,61.48041401931529,183.36153572490744,39.78360401931529,29.647873366977077,10.135730652338218,24.791508718726316,1.3756157813520897,623,306,2.501137538022394,olhc,False,,2026-07-09T08:00:00+00:00,2026-10-07T07:55:00+00:00,0.00995,0.01753,R0.0150_0.0185_G8,90,5m
21.69681,167.73722458446073,21.69681,64.38491346786225,196.74829372549354,42.688103467862256,31.174711184365663,11.513392283496593,24.7915087187263,1.064410249589312,1471,727,4.094116417599885,ohlc,False,,2026-07-09T08:00:00+00:00,2026-10-07T07:55:00+00:00,0.00995,0.01753,R0.0150_0.0185_G12,90,5m
21.69681,167.73722458446073,21.69681,63.92850547908381,194.64472186963803,42.23169547908381,30.71830319558722,11.513392283496593,24.7915087187263,1.0740857955657725,1449,716,4.034756839291836,olhc,False,,2026-07-09T08:00:00+00:00,2026-10-07T07:55:00+00:00,0.00995,0.01753,R0.0150_0.0185_G12,90,5m
21.69681,128.26964232929348,21.69681,65.36003212826895,201.2425887873331,43.663222128268956,31.465895739515243,12.197326388753716,24.79150871872629,1.113851154629879,2698,1338,5.745697190995612,ohlc,False,,2026-07-09T08:00:00+00:00,2026-10-07T07:55:00+00:00,0.00995,0.01753,R0.0150_0.0185_G16,90,5m
21.69681,128.26964232929348,21.69681,65.04428056246888,199.7872985128638,43.347470562468885,31.150144173715166,12.197326388753716,24.79150871872629,1.1231945144430757,2672,1325,5.688678949744246,olhc,False,,2026-07-09T08:00:00+00:00,2026-10-07T07:55:00+00:00,0.00995,0.01753,R0.0150_0.0185_G16,90,5m
21.69681,103.83732950466612,21.69681,64.19084383800715,195.85383214402097,42.494033838007155,29.870156918854494,12.623876919152664,24.79150871872632,0.9601645995336848,4145,2059,7.13942017578893,ohlc,False,,2026-07-09T08:00:00+00:00,2026-10-07T07:55:00+00:00,0.00995,0.01753,R0.0150_0.0185_G20,90,5m
21.69681,103.83732950466612,21.69681,63.53082313882463,192.81181491115345,41.83401313882463,29.210136219671966,12.623876919152664,24.79150871872632,0.9565492093432768,4053,2013,6.982521629162392,olhc,False,,2026-07-09T08:00:00+00:00,2026-10-07T07:55:00+00:00,0.00995,0.01753,R0.0150_0.0185_G20,90,5m
21.69681,87.22335678391953,21.69681,62.536809825337144,188.23043491341423,40.839999825337145,27.924734434476882,12.915265390860263,24.791508718726305,0.936241851715938,5810,2889,8.410993430644778,ohlc,False,,2026-07-09T08:00:00+00:00,2026-10-07T07:55:00+00:00,0.00995,0.01753,R0.0150_0.0185_G24,90,5m
21.69681,87.22335678391953,21.69681,62.248400097555326,186.9011624176795,40.55159009755533,27.636324706695063,12.915265390860263,24.791508718726305,0.9288838552696873,5756,2862,8.325734478268286,olhc,False,,2026-07-09T08:00:00+00:00,2026-10-07T07:55:00+00:00,0.00995,0.01753,R0.0150_0.0185_G24,90,5m
21.69681,66.07830059387842,21.69681,58.406761490807995,169.19515583538777,36.709951490807995,23.42230708652433,13.287644404283668,24.79150871872631,0.911349093471519,9560,4759,10.47316219689565,ohlc,False,,2026-07-09T08:00:00+00:00,2026-10-07T07:55:00+00:00,0.00995,0.01753,R0.0150_0.0185_G32,90,5m
21.69681,66.07830059387842,21.69681,58.07704607354059,167.6755065539155,36.380236073540594,23.092591669256926,13.287644404283668,24.79150871872631,0.8963031826671334,9428,4693,10.326808117727287,olhc,False,,2026-07-09T08:00:00+00:00,2026-10-07T07:55:00+00:00,0.00995,0.01753,R0.0150_0.0185_G32,90,5m
21.69681,242.28710217755443,21.69681,55.158154106379214,154.22241383124623,33.461344106379215,24.194977219602105,9.266366886777114,24.791508718726316,1.5602036792394585,347,168,1.3854401595496921,ohlc,False,,2026-07-09T08:00:00+00:00,2026-10-07T07:55:00+00:00,0.00995,0.01753,R0.0140_0.0190_G8,90,5m
21.69681,242.28710217755443,21.69681,56.16993669994686,158.88569195170564,34.47312669994686,25.206759813169747,9.266366886777114,24.791508718726316,1.5269178846891194,361,175,1.4415124087793654,olhc,False,,2026-07-09T08:00:00+00:00,2026-10-07T07:55:00+00:00,0.00995,0.01753,R0.0140_0.0190_G8,90,5m
21.69681,167.73722458446073,21.69681,60.00503320016214,176.56154614508836,38.30822320016214,27.639369991309707,10.668853208852433,24.7915087187263,1.3832853476803675,877,430,2.4135202416309776,ohlc,False,,2026-07-09T08:00:00+00:00,2026-10-07T07:55:00+00:00,0.00995,0.01753,R0.0140_0.0190_G12,90,5m
21.69681,167.73722458446073,21.69681,59.53316365812415,174.38671241589964,37.83635365812415,27.167500449271724,10.668853208852433,24.7915087187263,1.395665153840695,861,422,2.372971381067306,olhc,False,,2026-07-09T08:00:00+00:00,2026-10-07T07:55:00+00:00,0.00995,0.01753,R0.0140_0.0190_G12,90,5m
21.69681,128.26964232929348,21.69681,61.623745965384515,184.02214871856515,39.926935965384516,28.57677421754754,11.350161747836971,24.79150871872629,1.2016099980668624,1616,797,3.407321675760218,ohlc,False,,2026-07-09T08:00:00+00:00,2026-10-07T07:55:00+00:00,0.00995,0.01753,R0.0140_0.0190_G16,90,5m
21.69681,128.26964232929348,21.69681,61.39119524380094,182.95032884465937,39.69438524380094,28.344223495963966,11.350161747836971,24.79150871872629,1.2065220025255032,1600,789,3.3796013773493225,olhc,False,,2026-07-09T08:00:00+00:00,2026-10-07T07:55:00+00:00,0.00995,0.01753,R0.0140_0.0190_G16,90,5m
21.69681,103.83732950466612,21.69681,62.72955519384647,189.11879301079964,41.03274519384647,29.256222610241004,11.77652258360547,24.79150871872632,1.1827374068950571,2623,1298,4.481216345478725,ohlc,False,,2026-07-09T08:00:00+00:00,2026-10-07T07:55:00+00:00,0.00995,0.01753,R0.0140_0.0190_G20,90,5m
21.69681,103.83732950466612,21.69681,62.41635196407537,187.67524794693492,40.71954196407537,28.9430193804699,11.77652258360547,24.79150871872632,1.18953998784789,2593,1283,4.433463222994141,olhc,False,,2026-07-09T08:00:00+00:00,2026-10-07T07:55:00+00:00,0.00995,0.01753,R0.0140_0.0190_G20,90,5m
21.69681,87.22335678391953,21.69681,62.41819069657066,187.6837226143874,40.72138069657066,28.652989268406703,12.068391428163963,24.791508718726305,1.117097872050982,3784,1876,5.426883305045516,ohlc,False,,2026-07-09T08:00:00+00:00,2026-10-07T07:55:00+00:00,0.00995,0.01753,R0.0140_0.0190_G24,90,5m
21.69681,87.22335678391953,21.69681,61.65080722233838,184.14687330689802,39.95399722233838,27.885605794174417,12.068391428163963,24.791508718726305,1.13871849108648,3684,1826,5.282855957585916,olhc,False,,2026-07-09T08:00:00+00:00,2026-10-07T07:55:00+00:00,0.00995,0.01753,R0.0140_0.0190_G24,90,5m
21.69681,66.07830059387842,21.69681,60.3590819921902,178.19334728096067,38.6622719921902,26.22019222364196,12.44207976854824,24.79150871872631,1.0415812593514917,6500,3229,7.064371194229538,ohlc,False,,2026-07-09T08:00:00+00:00,2026-10-07T07:55:00+00:00,0.00995,0.01753,R0.0140_0.0190_G32,90,5m
21.69681,66.07830059387842,21.69681,59.90816775810822,176.11509598926395,38.21135775810822,25.76927798955998,12.44207976854824,24.79150871872631,1.0556350141085487,6390,3174,6.943826902156772,olhc,False,,2026-07-09T08:00:00+00:00,2026-10-07T07:55:00+00:00,0.00995,0.01753,R0.0140_0.0190_G32,90,5m
21.69681,242.28710217755443,21.69681,59.20324478196315,172.8661253979878,37.50643478196315,27.614544240953872,9.891890541009282,24.791508718726316,1.4857915659969143,442,215,1.790534295219112,ohlc,False,,2026-07-09T08:00:00+00:00,2026-10-07T07:55:00+00:00,0.00995,0.01753,R0.0145_0.0190_G8,90,5m
21.69681,242.28710217755443,21.69681,60.68859232475499,179.71205133268438,38.99178232475499,29.09989178374571,9.891890541009282,24.791508718726316,1.4460490765789307,464,226,1.8840494672720616,olhc,False,,2026-07-09T08:00:00+00:00,2026-10-07T07:55:00+00:00,0.00995,0.01753,R0.0145_0.0190_G8,90,5m
21.69681,167.73722458446073,21.69681,61.733359998671986,184.5273567804299,40.03654999867199,28.857203897517476,11.179346101154515,24.7915087187263,1.38487162285592,1025,504,2.869054045600402,ohlc,False,,2026-07-09T08:00:00+00:00,2026-10-07T07:55:00+00:00,0.00995,0.01753,R0.0145_0.0190_G12,90,5m
21.69681,167.73722458446073,21.69681,61.873557271968195,185.17352215357096,40.176747271968196,28.997401170813678,11.179346101154515,24.7915087187263,1.38080164379475,1029,506,2.8826351421273473,olhc,False,,2026-07-09T08:00:00+00:00,2026-10-07T07:55:00+00:00,0.00995,0.01753,R0.0145_0.0190_G12,90,5m
21.69681,128.26964232929348,21.69681,64.56547082197181,197.58047760003345,42.868660821971815,30.99514682936184,11.873513992609979,24.79150871872629,1.3973593721933888,1976,977,4.227125798739901,ohlc,False,,2026-07-09T08:00:00+00:00,2026-10-07T07:55:00+00:00,0.00995,0.01753,R0.0145_0.0190_G16,90,5m
21.69681,128.26964232929348,21.69681,64.09188491742879,195.3977332033086,42.39507491742878,30.5215609248188,11.873513992609979,24.79150871872629,1.4090880395590748,1946,962,4.163249583013687,olhc,False,,2026-07-09T08:00:00+00:00,2026-10-07T07:55:00+00:00,0.00995,0.01753,R0.0145_0.0190_G16,90,5m
21.69681,103.83732950466612,21.69681,64.11591796015112,195.5085008356119,42.41910796015112,30.111758538599673,12.30734942155145,24.79150871872632,1.3067593456692028,3069,1521,5.305293351148257,ohlc,False,,2026-07-09T08:00:00+00:00,2026-10-07T07:55:00+00:00,0.00995,0.01753,R0.0145_0.0190_G20,90,5m
21.69681,103.83732950466612,21.69681,63.567583459554456,192.98124221742486,41.87077345955446,29.563424038003006,12.30734942155145,24.79150871872632,1.322012358007322,3015,1494,5.209754005225488,olhc,False,,2026-07-09T08:00:00+00:00,2026-10-07T07:55:00+00:00,0.00995,0.01753,R0.0145_0.0190_G20,90,5m
21.69681,87.22335678391953,21.69681,63.56554819167404,192.97186172379276,41.86873819167404,29.25006401519089,12.618674176483147,24.791508718726305,1.2248402879601605,4405,2186,6.404499535855096,ohlc,False,,2026-07-09T08:00:00+00:00,2026-10-07T07:55:00+00:00,0.00995,0.01753,R0.0145_0.0190_G24,90,5m
21.69681,87.22335678391953,21.69681,63.002008395365635,190.37452231625588,41.305198395365636,28.686524218882493,12.618674176483147,24.791508718726305,1.2389061883811872,4323,2145,6.2823839645880435,olhc,False,,2026-07-09T08:00:00+00:00,2026-10-07T07:55:00+00:00,0.00995,0.01753,R0.0145_0.0190_G24,90,5m
21.69681,66.07830059387842,21.69681,61.02056658021121,181.24211153718548,39.32375658021121,26.335444888125362,12.988311692085851,24.79150871872631,1.188318120911992,7543,3750,8.292866275843577,ohlc,False,,2026-07-09T08:00:00+00:00,2026-10-07T07:55:00+00:00,0.00995,0.01753,R0.0145_0.0190_G32,90,5m
21.69681,66.07830059387842,21.69681,60.49973609827796,178.84161818386187,38.80292609827796,25.814614406192106,12.988311692085851,24.79150871872631,1.1816822233141575,7407,3682,8.131733692172194,olhc,False,,2026-07-09T08:00:00+00:00,2026-10-07T07:55:00+00:00,0.00995,0.01753,R0.0145_0.0190_G32,90,5m
21.69681,242.28710217755443,21.69681,63.251413318691746,191.52402274201484,41.55460331869175,31.18287659864421,10.371726720047533,25.573241198301222,1.5510756945750919,568,278,2.3185516001132815,ohlc,False,,2026-07-09T08:00:00+00:00,2026-10-07T07:55:00+00:00,0.00995,0.01753,R0.0150_0.0190_G8,90,5m
21.69681,242.28710217755443,21.69681,64.40850684241711,196.85703493931646,42.71169684241711,32.33997012236958,10.371726720047533,25.573241198301222,1.5169653757646309,588,288,2.402638250024545,olhc,False,,2026-07-09T08:00:00+00:00,2026-10-07T07:55:00+00:00,0.00995,0.01753,R0.0150_0.0190_G8,90,5m
21.69681,167.73722458446073,21.69681,64.75864278382154,198.4708018543811,43.061832783821544,31.323946309601375,11.737886474220169,24.7915087187263,1.5863986079521817,1278,630,3.6023876641155437,ohlc,False,,2026-07-09T08:00:00+00:00,2026-10-07T07:55:00+00:00,0.00995,0.01753,R0.0150_0.0190_G12,90,5m
21.69681,167.73722458446073,21.69681,65.03034659675346,199.7230772484686,43.33353659675346,31.595650122533293,11.737886474220169,24.7915087187263,1.5738460273191992,1290,636,3.6333527171575475,olhc,False,,2026-07-09T08:00:00+00:00,2026-10-07T07:55:00+00:00,0.00995,0.01753,R0.0150_0.0190_G12,90,5m
21.69681,128.26964232929348,21.69681,65.78161140825978,203.1856360831836,44.08480140825978,31.67450128490136,12.410300123358418,24.79150871872629,1.5015070562715718,2327,1152,5.028752181127051,ohlc,False,,2026-07-09T08:00:00+00:00,2026-10-07T07:55:00+00:00,0.00995,0.01753,R0.0150_0.0190_G16,90,5m
21.69681,128.26964232929348,21.69681,65.60678972305585,202.37988774873293,43.909979723055855,31.499679599697433,12.410300123358418,24.79150871872629,1.5030024425334698,2317,1147,5.001720969373271,olhc,False,,2026-07-09T08:00:00+00:00,2026-10-07T07:55:00+00:00,0.00995,0.01753,R0.0150_0.0190_G16,90,5m
21.69681,103.83732950466612,21.69681,65.8270885380227,203.3952389223241,44.13027853802271,31.293087990002405,12.837190548020303,24.79150871872632,1.4167223631423482,3696,1834,6.455374179169751,ohlc,False,,2026-07-09T08:00:00+00:00,2026-10-07T07:55:00+00:00,0.00995,0.01753,R0.0150_0.0190_G20,90,5m
21.69681,103.83732950466612,21.69681,65.01186346756793,199.63788901487337,43.31505346756794,30.47786291954764,12.837190548020303,24.79150871872632,1.4421632711075614,3602,1787,6.28877008063169,olhc,False,,2026-07-09T08:00:00+00:00,2026-10-07T07:55:00+00:00,0.00995,0.01753,R0.0150_0.0190_G20,90,5m
21.69681,87.22335678391953,21.69681,64.2598790132109,196.17201336607044,42.56306901321091,29.41871132078876,13.144357692422147,24.791508718726305,1.4012132495634166,5166,2566,7.590728518373252,ohlc,False,,2026-07-09T08:00:00+00:00,2026-10-07T07:55:00+00:00,0.00995,0.01753,R0.0150_0.0190_G24,90,5m
21.69681,87.22335678391953,21.69681,63.93830141263659,194.6898710577112,42.24149141263659,29.09713372021444,13.144357692422147,24.791508718726305,1.409835525952087,5114,2540,7.509020990409568,olhc,False,,2026-07-09T08:00:00+00:00,2026-10-07T07:55:00+00:00,0.00995,0.01753,R0.0150_0.0190_G24,90,5m
21.69681,66.07830059387842,21.69681,60.73244256155783,179.91415586695848,39.03563256155783,25.522469280651904,13.513163280905928,24.79150871872631,1.3590240109681069,8638,4297,9.606093580635356,ohlc,False,,2026-07-09T08:00:00+00:00,2026-10-07T07:55:00+00:00,0.00995,0.01753,R0.0150_0.0190_G32,90,5m
21.69681,66.07830059387842,21.69681,60.29773273246324,177.91059023175868,38.60092273246324,25.08775945155731,13.513163280905928,24.79150871872631,1.3649232047343869,8500,4228,9.444852119256328,olhc,False,,2026-07-09T08:00:00+00:00,2026-10-07T07:55:00+00:00,0.00995,0.01753,R0.0150_0.0190_G32,90,5m
21.69681,242.28710217755443,21.69681,57.028231871461486,162.8415507692674,35.33142187146149,25.79863668056448,9.532785190897002,24.791508718726316,1.5632389004758773,336,162,1.3607394102852408,ohlc,False,,2026-07-09T08:00:00+00:00,2026-10-07T07:55:00+00:00,0.00995,0.01753,R0.0140_0.0195_G8,90,5m
21.69681,242.28710217755443,21.69681,57.435273827212924,164.71759593789562,35.738463827212925,26.205678636315927,9.532785190897002,24.791508718726316,1.550085559364475,342,165,1.3815243820906742,olhc,False,,2026-07-09T08:00:00+00:00,2026-10-07T07:55:00+00:00,0.00995,0.01753,R0.0140_0.0195_G8,90,5m
21.69681,167.73722458446073,21.69681,60.642307662731945,179.49872659958743,38.945497662731945,28.113789952080353,10.831707710651592,24.7915087187263,1.5707278214177625,803,393,2.2493476486711477,ohlc,False,,2026-07-09T08:00:00+00:00,2026-10-07T07:55:00+00:00,0.00995,0.01753,R0.0140_0.0195_G12,90,5m
21.69681,167.73722458446073,21.69681,61.054479271225446,181.39841419648994,39.35766927122545,28.525961560573858,10.831707710651592,24.7915087187263,1.549988464659844,815,399,2.281667502109038,olhc,False,,2026-07-09T08:00:00+00:00,2026-10-07T07:55:00+00:00,0.00995,0.01753,R0.0140_0.0195_G12,90,5m
21.69681,128.26964232929348,21.69681,61.935993790439625,185.46129034839512,40.239183790439625,28.664691498017074,11.574492292422555,24.79150871872629,1.5586107951182948,1459,718,3.124407247505594,ohlc,False,,2026-07-09T08:00:00+00:00,2026-10-07T07:55:00+00:00,0.00995,0.01753,R0.0140_0.0195_G16,90,5m
21.69681,128.26964232929348,21.69681,61.36222876828823,182.81682315643744,39.665418768288234,28.090926475865682,11.574492292422555,24.79150871872629,1.5723077728471357,1429,703,3.0627287901639946,olhc,False,,2026-07-09T08:00:00+00:00,2026-10-07T07:55:00+00:00,0.00995,0.01753,R0.0140_0.0195_G16,90,5m
21.69681,103.83732950466612,21.69681,63.34120426781828,191.9378667546901,41.64439426781828,29.651962700399395,11.992431567418883,24.79150871872632,1.4553499067905686,2392,1182,4.137550724232352,ohlc,False,,2026-07-09T08:00:00+00:00,2026-10-07T07:55:00+00:00,0.00995,0.01753,R0.0140_0.0195_G20,90,5m
21.69681,103.83732950466612,21.69681,62.225570229177805,186.7959401828094,40.528760229177806,28.53632866175892,11.992431567418883,24.79150871872632,1.4894542673014155,2302,1137,3.983616515397129,olhc,False,,2026-07-09T08:00:00+00:00,2026-10-07T07:55:00+00:00,0.00995,0.01753,R0.0140_0.0195_G20,90,5m
21.69681,87.22335678391953,21.69681,62.99935976975218,190.3623148737173,41.30254976975218,29.019659253276913,12.28289051647527,24.791508718726305,1.3986640212841657,3437,1702,4.990170558765834,ohlc,False,,2026-07-09T08:00:00+00:00,2026-10-07T07:55:00+00:00,0.00995,0.01753,R0.0140_0.0195_G24,90,5m
21.69681,87.22335678391953,21.69681,62.73005630955528,189.12110263930634,41.03324630955528,28.75035579308001,12.28289051647527,24.791508718726305,1.4047010369453903,3407,1687,4.944506187873765,olhc,False,,2026-07-09T08:00:00+00:00,2026-10-07T07:55:00+00:00,0.00995,0.01753,R0.0140_0.0195_G24,90,5m
21.69681,66.07830059387842,21.69681,61.56619924040908,183.75691744735323,39.86938924040908,27.201095986452316,12.668293253956762,24.79150871872631,1.3625454536227253,6020,2988,6.60855463460616,ohlc,False,,2026-07-09T08:00:00+00:00,2026-10-07T07:55:00+00:00,0.00995,0.01753,R0.0140_0.0195_G32,90,5m
21.69681,66.07830059387842,21.69681,61.03746338240701,181.319988433355,39.34065338240701,26.67236012845025,12.668293253956762,24.79150871872631,1.3631698721887227,5904,2930,6.481080149325071,olhc,False,,2026-07-09T08:00:00+00:00,2026-10-07T07:55:00+00:00,0.00995,0.01753,R0.0140_0.0195_G32,90,5m
21.69681,242.28710217755443,21.69681,58.2163709747041,168.31765118791242,36.5195609747041,26.500609181822387,10.018951792881712,24.791508718726316,1.9772078042971548,382,185,1.5654702908951303,ohlc,False,,2026-07-09T08:00:00+00:00,2026-10-07T07:55:00+00:00,0.00995,0.01753,R0.0145_0.0195_G8,90,5m
21.69681,242.28710217755443,21.69681,58.7177131954256,170.6283236818021,37.0209031954256,27.001951402543895,10.018951792881712,24.791508718726316,1.957644594110996,390,189,1.5942580983991064,olhc,False,,2026-07-09T08:00:00+00:00,2026-10-07T07:55:00+00:00,0.00995,0.01753,R0.0145_0.0195_G8,90,5m
21.69681,167.73722458446073,21.69681,62.9634973073949,190.1970257719679,41.2666873073949,29.871704391243757,11.394982916151143,24.7915087187263,1.7592444192793013,952,467,2.691478663386233,ohlc,False,,2026-07-09T08:00:00+00:00,2026-10-07T07:55:00+00:00,0.00995,0.01753,R0.0145_0.0195_G12,90,5m
21.69681,167.73722458446073,21.69681,62.753864298707924,189.23083300590238,41.057054298707925,29.66207138255678,11.394982916151143,24.7915087187263,1.7638198944219312,946,464,2.6730244055512262,olhc,False,,2026-07-09T08:00:00+00:00,2026-10-07T07:55:00+00:00,0.00995,0.01753,R0.0145_0.0195_G12,90,5m
21.69681,128.26964232929348,21.69681,64.72289507415694,198.30604164463318,43.02608507415694,30.9538942629464,12.07219081121054,24.79150871872629,1.6920210519396122,1763,870,3.810583874100111,ohlc,False,,2026-07-09T08:00:00+00:00,2026-10-07T07:55:00+00:00,0.00995,0.01753,R0.0145_0.0195_G16,90,5m
21.69681,128.26964232929348,21.69681,64.6470704295258,197.95656794489977,42.950260429525805,30.878069618315266,12.07219081121054,24.79150871872629,1.6905195795283208,1759,868,3.8014078217039016,olhc,False,,2026-07-09T08:00:00+00:00,2026-10-07T07:55:00+00:00,0.00995,0.01753,R0.0145_0.0195_G16,90,5m
21.69681,103.83732950466612,21.69681,65.41063273117113,201.47580557312867,43.713822731171135,31.18730440148971,12.52651832968143,24.79150871872632,1.6021083005953867,2823,1397,4.9384272634296025,ohlc,False,,2026-07-09T08:00:00+00:00,2026-10-07T07:55:00+00:00,0.00995,0.01753,R0.0145_0.0195_G20,90,5m
21.69681,103.83732950466612,21.69681,64.68658475444137,198.13868838064846,42.98977475444137,30.463256424759937,12.52651832968143,24.79150871872632,1.6227346881564793,2761,1366,4.825360748721933,olhc,False,,2026-07-09T08:00:00+00:00,2026-10-07T07:55:00+00:00,0.00995,0.01753,R0.0145_0.0195_G20,90,5m
21.69681,87.22335678391953,21.69681,64.11384498503904,195.49894655038705,42.41703498503903,29.605413221941163,12.811621763097868,24.791508718726305,1.5396156301227326,3950,1958,5.801610577732863,ohlc,False,,2026-07-09T08:00:00+00:00,2026-10-07T07:55:00+00:00,0.00995,0.01753,R0.0145_0.0195_G24,90,5m
21.69681,87.22335678391953,21.69681,63.44615539047546,192.4215835898248,41.74934539047546,28.937723627377594,12.811621763097868,24.791508718726305,1.559661425277027,3862,1914,5.671964869453487,olhc,False,,2026-07-09T08:00:00+00:00,2026-10-07T07:55:00+00:00,0.00995,0.01753,R0.0145_0.0195_G24,90,5m
21.69681,66.07830059387842,21.69681,62.26249243224013,186.96611360029485,40.56568243224013,27.373091520679438,13.192590911560693,24.79150871872631,1.4887048647773413,6879,3417,7.643490883293029,ohlc,False,,2026-07-09T08:00:00+00:00,2026-10-07T07:55:00+00:00,0.00995,0.01753,R0.0145_0.0195_G32,90,5m
21.69681,66.07830059387842,21.69681,61.548369637798956,183.6747412997531,39.85155963779896,26.65896872623826,13.192590911560693,24.79150871872631,1.5303104554365083,6699,3327,7.445183868468142,olhc,False,,2026-07-09T08:00:00+00:00,2026-10-07T07:55:00+00:00,0.00995,0.01753,R0.0145_0.0195_G32,90,5m
21.69681,242.28710217755443,21.69681,61.254500820094385,182.32030800884732,39.557690820094386,29.05620001353094,10.501490806563446,25.534947358564906,2.138532257105114,470,229,1.940726631234036,ohlc,False,,2026-07-09T08:00:00+00:00,2026-10-07T07:55:00+00:00,0.00995,0.01753,R0.0150_0.0195_G8,90,5m
21.69681,242.28710217755443,21.69681,61.4415630144711,183.18247251310723,39.7447530144711,29.24326220790766,10.501490806563446,25.534947358564906,2.130639309119898,474,231,1.9530350126417837,olhc,False,,2026-07-09T08:00:00+00:00,2026-10-07T07:55:00+00:00,0.00995,0.01753,R0.0150_0.0195_G8,90,5m
21.69681,167.73722458446073,21.69681,66.10571778709595,204.6794334609372,44.40890778709596,32.54568560065573,11.863222186440233,24.7915087187263,1.850217202174997,1170,576,3.3367974864978134,ohlc,False,,2026-07-09T08:00:00+00:00,2026-10-07T07:55:00+00:00,0.00995,0.01753,R0.0150_0.0195_G12,90,5m
21.69681,167.73722458446073,21.69681,66.24461575955536,205.31961039228972,44.54780575955535,32.68458357311512,11.863222186440233,24.7915087187263,1.8429484451635207,1176,579,3.3509659190597363,olhc,False,,2026-07-09T08:00:00+00:00,2026-10-07T07:55:00+00:00,0.00995,0.01753,R0.0150_0.0195_G12,90,5m
21.69681,128.26964232929348,21.69681,66.52068269091231,206.59199527908623,44.8238726909123,32.23961092746901,12.584261763443294,24.79150871872629,1.7904828039896439,2078,1027,4.5438376625636545,ohlc,False,,2026-07-09T08:00:00+00:00,2026-10-07T07:55:00+00:00,0.00995,0.01753,R0.0150_0.0195_G16,90,5m
21.69681,128.26964232929348,21.69681,66.08181008676681,204.5692435282736,44.385000086766816,31.80073832332352,12.584261763443294,24.79150871872629,1.795292126913298,2052,1014,4.48300227665234,olhc,False,,2026-07-09T08:00:00+00:00,2026-10-07T07:55:00+00:00,0.00995,0.01753,R0.0150_0.0195_G16,90,5m
21.69681,103.83732950466612,21.69681,66.16118766508495,204.93509260156196,44.46437766508496,31.433718250204194,13.030659414880766,24.79150871872632,1.806338499642953,3244,1607,5.728266560717268,ohlc,False,,2026-07-09T08:00:00+00:00,2026-10-07T07:55:00+00:00,0.00995,0.01753,R0.0150_0.0195_G20,90,5m
21.69681,103.83732950466612,21.69681,65.42319479206165,201.5337037659529,43.726384792061644,30.695725377180878,13.030659414880766,24.79150871872632,1.8320644892565658,3174,1572,5.5958792410419225,olhc,False,,2026-07-09T08:00:00+00:00,2026-10-07T07:55:00+00:00,0.00995,0.01753,R0.0150_0.0195_G20,90,5m
21.69681,87.22335678391953,21.69681,65.23729459666339,200.67689488299612,43.54048459666339,30.227158431877896,13.313326164785494,24.791508718726305,1.7568932696456478,4615,2290,6.8492649158600605,ohlc,False,,2026-07-09T08:00:00+00:00,2026-10-07T07:55:00+00:00,0.00995,0.01753,R0.0150_0.0195_G24,90,5m
21.69681,87.22335678391953,21.69681,64.64981936144639,197.96923769644656,42.953009361446384,29.63968319666089,13.313326164785494,24.791508718726305,1.776852532044652,4525,2245,6.7170336939754485,olhc,False,,2026-07-09T08:00:00+00:00,2026-10-07T07:55:00+00:00,0.00995,0.01753,R0.0150_0.0195_G24,90,5m
21.69681,66.07830059387842,21.69681,62.28982515743075,187.09208937825767,40.59301515743075,26.90093167922084,13.69208347820991,24.79150871872631,1.7098007876570052,7820,3887,8.78279149601605,ohlc,False,,2026-07-09T08:00:00+00:00,2026-10-07T07:55:00+00:00,0.00995,0.01753,R0.0150_0.0195_G32,90,5m
21.69681,66.07830059387842,21.69681,62.00314271560335,185.77077789593656,40.306332715603354,26.614249237393445,13.69208347820991,24.79150871872631,1.692157290972271,7738,3846,8.689897243956706,olhc,False,,2026-07-09T08:00:00+00:00,2026-10-07T07:55:00+00:00,0.00995,0.01753,R0.0150_0.0195_G32,90,5m
21.69681,242.28710217755443,21.69681,57.07591534150674,163.061322570031,35.379105341506744,25.723955769091027,9.655149572415716,24.791508718726316,2.143687290566372,310,149,1.26032150067952,ohlc,False,,2026-07-09T08:00:00+00:00,2026-10-07T07:55:00+00:00,0.00995,0.01753,R0.0140_0.0200_G8,90,5m
21.69681,242.28710217755443,21.69681,57.576963382216405,165.37063919634457,35.880153382216406,26.225003809800693,9.655149572415716,24.791508718726316,2.1227631206032473,316,152,1.28391436070179,olhc,False,,2026-07-09T08:00:00+00:00,2026-10-07T07:55:00+00:00,0.00995,0.01753,R0.0140_0.0200_G8,90,5m
21.69681,167.73722458446073,21.69681,60.40963764080337,178.42635687367576,38.71282764080337,27.671631499177572,11.041196141625797,24.7915087187263,1.8628762110425732,728,355,2.052740919418422,ohlc,False,,2026-07-09T08:00:00+00:00,2026-10-07T07:55:00+00:00,0.00995,0.01753,R0.0140_0.0200_G12,90,5m
21.69681,167.73722458446073,21.69681,60.691114198128695,179.72367457763926,38.994304198128695,27.9531080565029,11.041196141625797,24.7915087187263,1.8557296655311373,734,358,2.0729666030656455,olhc,False,,2026-07-09T08:00:00+00:00,2026-10-07T07:55:00+00:00,0.00995,0.01753,R0.0140_0.0200_G12,90,5m
21.69681,128.26964232929348,21.69681,62.79612995502177,189.42563425232453,41.09931995502177,29.377991788165392,11.721328166856374,24.79150871872629,1.7745350828870496,1371,674,2.9544646441437217,ohlc,False,,2026-07-09T08:00:00+00:00,2026-10-07T07:55:00+00:00,0.00995,0.01753,R0.0140_0.0200_G16,90,5m
21.69681,128.26964232929348,21.69681,62.648442153559,188.74494524107,40.951632153559004,29.23030398670263,11.721328166856374,24.79150871872629,1.774766661279872,1363,670,2.9397389655536736,olhc,False,,2026-07-09T08:00:00+00:00,2026-10-07T07:55:00+00:00,0.00995,0.01753,R0.0140_0.0200_G16,90,5m
21.69681,103.83732950466612,21.69681,63.07346356303042,190.70385721693845,41.37665356303042,29.198519705528057,12.178133857502367,24.79150871872632,1.7508556810183877,2155,1063,3.7530457365492174,ohlc,False,,2026-07-09T08:00:00+00:00,2026-10-07T07:55:00+00:00,0.00995,0.01753,R0.0140_0.0200_G20,90,5m
21.69681,103.83732950466612,21.69681,62.4477774796386,187.820087283055,40.750967479638604,28.57283362213624,12.178133857502367,24.79150871872632,1.717613719128825,2111,1041,3.673906670301806,olhc,False,,2026-07-09T08:00:00+00:00,2026-10-07T07:55:00+00:00,0.00995,0.01753,R0.0140_0.0200_G20,90,5m
21.69681,87.22335678391953,21.69681,63.12298768020235,190.93211250963785,41.42617768020235,28.960647212725696,12.465530467476654,24.791508718726305,1.6662689667031896,3120,1543,4.572793853521655,ohlc,False,,2026-07-09T08:00:00+00:00,2026-10-07T07:55:00+00:00,0.00995,0.01753,R0.0140_0.0200_G24,90,5m
21.69681,87.22335678391953,21.69681,62.540088405401754,188.24554579867618,40.843278405401755,28.3777479379251,12.465530467476654,24.791508718726305,1.6838583813836046,3058,1512,4.4818005877444484,olhc,False,,2026-07-09T08:00:00+00:00,2026-10-07T07:55:00+00:00,0.00995,0.01753,R0.0140_0.0200_G24,90,5m
21.69681,66.07830059387842,21.69681,61.79269442444113,184.80082751538652,40.09588442444113,27.24690541835156,12.848979006089571,24.79150871872631,1.633438213538184,5455,2705,6.04337648661408,ohlc,False,,2026-07-09T08:00:00+00:00,2026-10-07T07:55:00+00:00,0.00995,0.01753,R0.0140_0.0200_G32,90,5m
21.69681,66.07830059387842,21.69681,61.04431429216975,181.35156408785323,39.34750429216975,26.49852528608018,12.848979006089571,24.79150871872631,1.6618061101808228,5305,2630,5.878638156744582,olhc,False,,2026-07-09T08:00:00+00:00,2026-10-07T07:55:00+00:00,0.00995,0.01753,R0.0140_0.0200_G32,90,5m
21.69681,242.28710217755443,21.69681,57.61963689975455,165.56732026392154,35.922826899754554,25.7788194841817,10.144007415572851,24.791508718726316,2.2502969144615483,340,164,1.4024904576824502,ohlc,False,,2026-07-09T08:00:00+00:00,2026-10-07T07:55:00+00:00,0.00995,0.01753,R0.0145_0.0200_G8,90,5m
21.69681,242.28710217755443,21.69681,58.54562261495168,169.83516293386762,36.84881261495168,26.704805199378836,10.144007415572851,24.791508718726316,2.210079549750972,352,170,1.451068966354923,olhc,False,,2026-07-09T08:00:00+00:00,2026-10-07T07:55:00+00:00,0.00995,0.01753,R0.0145_0.0200_G8,90,5m
21.69681,167.73722458446073,21.69681,62.51844176055643,188.1457770084931,40.82163176055643,29.305961139093345,11.515670621463087,24.7915087187263,1.9669478208521889,850,416,2.4209155349477434,ohlc,False,,2026-07-09T08:00:00+00:00,2026-10-07T07:55:00+00:00,0.00995,0.01753,R0.0145_0.0200_G12,90,5m
21.69681,167.73722458446073,21.69681,63.13976572038899,191.00944203497653,41.442955720388994,29.927285098925907,11.515670621463087,24.7915087187263,1.9321632111478915,868,425,2.4711635243420544,olhc,False,,2026-07-09T08:00:00+00:00,2026-10-07T07:55:00+00:00,0.00995,0.01753,R0.0145_0.0200_G12,90,5m
21.69681,128.26964232929348,21.69681,64.86471660183786,198.9596931615194,43.167906601837856,30.9258800380339,12.242026563803954,24.79150871872629,1.8924028880868062,1598,787,3.479618296527708,ohlc,False,,2026-07-09T08:00:00+00:00,2026-10-07T07:55:00+00:00,0.00995,0.01753,R0.0145_0.0200_G16,90,5m
21.69681,128.26964232929348,21.69681,64.1145944427231,195.5024007802212,42.41778444272311,30.175757878919157,12.242026563803954,24.79150871872629,1.9159326215339025,1560,768,3.3965467842810093,olhc,False,,2026-07-09T08:00:00+00:00,2026-10-07T07:55:00+00:00,0.00995,0.01753,R0.0145_0.0200_G16,90,5m
21.69681,103.83732950466612,21.69681,64.19429569663149,195.8697416653945,42.497485696631486,29.805751505766764,12.691734190864722,24.79150871872632,1.8547326420065033,2440,1205,4.301086430451321,ohlc,False,,2026-07-09T08:00:00+00:00,2026-10-07T07:55:00+00:00,0.00995,0.01753,R0.0145_0.0200_G20,90,5m
21.69681,103.83732950466612,21.69681,63.7033902738512,193.60717208590202,42.0065802738512,29.314846082986477,12.691734190864722,24.79150871872632,1.8656690370421614,2400,1185,4.231108598824953,olhc,False,,2026-07-09T08:00:00+00:00,2026-10-07T07:55:00+00:00,0.00995,0.01753,R0.0145_0.0200_G20,90,5m
21.69681,87.22335678391953,21.69681,64.19170259857314,195.85779014782884,42.494892598573145,29.52098463921624,12.973907959356907,24.791508718726305,1.7952038753575692,3547,1756,5.251211777042974,ohlc,False,,2026-07-09T08:00:00+00:00,2026-10-07T07:55:00+00:00,0.00995,0.01753,R0.0145_0.0200_G24,90,5m
21.69681,87.22335678391953,21.69681,63.74347989942062,193.79194406652692,42.04666989942062,29.072761940063717,12.973907959356907,24.791508718726305,1.8061423656952216,3491,1728,5.171964058655329,olhc,False,,2026-07-09T08:00:00+00:00,2026-10-07T07:55:00+00:00,0.00995,0.01753,R0.0145_0.0200_G24,90,5m
21.69681,66.07830059387842,21.69681,62.8819943966557,189.82138110005894,41.1851843966557,27.820099427964514,13.365084968691185,24.79150871872631,1.7957917032427377,6245,3099,7.00019085451278,ohlc,False,,2026-07-09T08:00:00+00:00,2026-10-07T07:55:00+00:00,0.00995,0.01753,R0.0145_0.0200_G32,90,5m
21.69681,66.07830059387842,21.69681,62.38978947166841,187.55282215066828,40.69297947166841,27.327894502977223,13.365084968691185,24.79150871872631,1.8144701218309658,6141,3047,6.878028954370674,olhc,False,,2026-07-09T08:00:00+00:00,2026-10-07T07:55:00+00:00,0.00995,0.01753,R0.0145_0.0200_G32,90,5m
21.69681,242.28710217755443,21.69681,61.016708404123435,181.22432930980838,39.319898404123435,28.63988555316236,10.68001285096107,25.497503241564285,2.166944580938809,421,204,1.7447112246991001,ohlc,False,,2026-07-09T08:00:00+00:00,2026-10-07T07:55:00+00:00,0.00995,0.01753,R0.0150_0.0200_G8,90,5m
21.69681,242.28710217755443,21.69681,61.14780795653992,181.82856353786536,39.45099795653992,28.770985105578855,10.68001285096107,25.497503241564285,2.155207958762802,423,205,1.7524589647899145,olhc,False,,2026-07-09T08:00:00+00:00,2026-10-07T07:55:00+00:00,0.00995,0.01753,R0.0150_0.0200_G8,90,5m
21.69681,167.73722458446073,21.69681,64.84813420802777,198.88326536494426,43.151324208027766,31.129615691244148,12.021708516783619,24.7915087187263,2.2271185922635945,1007,494,2.8945688235490414,ohlc,False,,2026-07-09T08:00:00+00:00,2026-10-07T07:55:00+00:00,0.00995,0.01753,R0.0150_0.0200_G12,90,5m
21.69681,167.73722458446073,21.69681,64.56961830004845,197.59959321231298,42.87280830004845,30.851099783264832,12.021708516783619,24.7915087187263,2.235478026572559,999,490,2.8692837240297573,olhc,False,,2026-07-09T08:00:00+00:00,2026-10-07T07:55:00+00:00,0.00995,0.01753,R0.0150_0.0200_G12,90,5m
21.69681,128.26964232929348,21.69681,65.74098749173407,202.99840157024965,44.044177491734075,31.31201070531291,12.73216678642116,24.79150871872629,2.0565244535136693,1811,893,3.9836355677427537,ohlc,False,,2026-07-09T08:00:00+00:00,2026-10-07T07:55:00+00:00,0.00995,0.01753,R0.0150_0.0200_G16,90,5m
21.69681,128.26964232929348,21.69681,64.97434174243328,199.4649524166607,43.27753174243328,30.545364956012126,12.73216678642116,24.79150871872629,2.0792701684879593,1771,873,3.887986098684,olhc,False,,2026-07-09T08:00:00+00:00,2026-10-07T07:55:00+00:00,0.00995,0.01753,R0.0150_0.0200_G16,90,5m
21.69681,103.83732950466612,21.69681,66.3361878943965,205.74166384088954,44.6393778943965,31.467355423430313,13.17202247096619,24.79150871872632,2.0637326605809325,2889,1429,5.1508408117173365,ohlc,False,,2026-07-09T08:00:00+00:00,2026-10-07T07:55:00+00:00,0.00995,0.01753,R0.0150_0.0200_G20,90,5m
21.69681,103.83732950466612,21.69681,65.94290138625061,203.92901715160258,44.24609138625062,31.07406891528443,13.17202247096619,24.79150871872632,2.069953362180411,2857,1413,5.087684435496655,olhc,False,,2026-07-09T08:00:00+00:00,2026-10-07T07:55:00+00:00,0.00995,0.01753,R0.0150_0.0200_G20,90,5m
21.69681,87.22335678391953,21.69681,65.91913157551662,203.81946274828704,44.22232157551662,30.76946786282683,13.452853712689787,24.791508718726305,2.039849126540375,4168,2066,6.235476310783575,ohlc,False,,2026-07-09T08:00:00+00:00,2026-10-07T07:55:00+00:00,0.00995,0.01753,R0.0150_0.0200_G24,90,5m
21.69681,87.22335678391953,21.69681,65.26148763213831,200.78839991749163,43.56467763213831,30.111823919448522,13.452853712689787,24.791508718726305,2.0372628594321016,4080,2022,6.103439811151108,olhc,False,,2026-07-09T08:00:00+00:00,2026-10-07T07:55:00+00:00,0.00995,0.01753,R0.0150_0.0200_G24,90,5m
21.69681,66.07830059387842,21.69681,62.80684621661038,189.4750252069792,41.11003621661038,27.272024499564406,13.838011717045973,24.79150871872631,2.0127025428145715,6962,3457,7.889670314199869,ohlc,False,,2026-07-09T08:00:00+00:00,2026-10-07T07:55:00+00:00,0.00995,0.01753,R0.0150_0.0200_G32,90,5m
21.69681,66.07830059387842,21.69681,62.546860176834485,188.27675670679002,40.850050176834486,27.012038459788513,13.838011717045973,24.79150871872631,2.007826295509428,6902,3427,7.815852449820922,olhc,False,,2026-07-09T08:00:00+00:00,2026-10-07T07:55:00+00:00,0.00995,0.01753,R0.0150_0.0200_G32,90,5m
21.69681,242.28710217755443,21.69681,55.48845795285027,155.7447751667193,33.79164795285027,23.80430972183583,9.987338231014444,24.791508718726316,2.39878753783933,253,120,1.0351443746541755,ohlc,False,,2026-07-09T08:00:00+00:00,2026-10-07T07:55:00+00:00,0.00995,0.01753,R0.0140_0.0210_G8,90,5m
21.69681,242.28710217755443,21.69681,55.46863088259421,155.65339274572722,33.77182088259421,23.78448265157977,9.987338231014444,24.791508718726316,2.39965042291824,253,120,1.0343456521548702,olhc,False,,2026-07-09T08:00:00+00:00,2026-10-07T07:55:00+00:00,0.00995,0.01753,R0.0140_0.0210_G8,90,5m
21.69681,167.73722458446073,21.69681,58.162607845386276,168.06985840492808,36.46579784538628,25.12962262775002,11.336175217636253,24.7915087187263,2.5185939506910353,571,276,1.639790233684421,ohlc,False,,2026-07-09T08:00:00+00:00,2026-10-07T07:55:00+00:00,0.00995,0.01753,R0.0140_0.0210_G12,90,5m
21.69681,167.73722458446073,21.69681,57.922129223405435,166.96149905633794,36.225319223405435,24.953547614286148,11.271771609119291,24.7915087187263,2.5265043373239706,568,275,1.6259881210073945,olhc,False,,2026-07-09T08:00:00+00:00,2026-10-07T07:55:00+00:00,0.00995,0.01753,R0.0140_0.0210_G12,90,5m
21.69681,128.26964232929348,21.69681,59.58960693226791,174.64685791260518,37.89279693226791,25.89149701734253,12.001299914925383,24.79150871872629,2.4347018285093633,1048,512,2.277959806256503,ohlc,False,,2026-07-09T08:00:00+00:00,2026-10-07T07:55:00+00:00,0.00995,0.01753,R0.0140_0.0210_G16,90,5m
21.69681,128.26964232929348,21.69681,59.01703297330043,172.00788029807345,37.32022297330043,25.318923058375052,12.001299914925383,24.79150871872629,2.4545830201892134,1024,500,2.2286694393941198,olhc,False,,2026-07-09T08:00:00+00:00,2026-10-07T07:55:00+00:00,0.00995,0.01753,R0.0140_0.0210_G16,90,5m
21.69681,103.83732950466612,21.69681,61.43056341595753,183.13177566636537,39.73375341595753,27.28074866022365,12.453004755733879,24.79150871872632,2.2799050484339016,1724,847,3.0480448683546295,ohlc,False,,2026-07-09T08:00:00+00:00,2026-10-07T07:55:00+00:00,0.00995,0.01753,R0.0140_0.0210_G20,90,5m
21.69681,103.83732950466612,21.69681,60.18762610984016,177.40311183920662,38.49081610984016,26.03781135410628,12.453004755733879,24.79150871872632,2.3335311308298943,1646,808,2.911620945845801,olhc,False,,2026-07-09T08:00:00+00:00,2026-10-07T07:55:00+00:00,0.00995,0.01753,R0.0140_0.0210_G20,90,5m
21.69681,87.22335678391953,21.69681,61.83392334509834,184.99085047570748,40.13711334509834,27.37691062293608,12.760202722162262,24.791508718726305,2.2289027704922293,2526,1245,3.7423420539469205,ohlc,False,,2026-07-09T08:00:00+00:00,2026-10-07T07:55:00+00:00,0.00995,0.01753,R0.0140_0.0210_G24,90,5m
21.69681,87.22335678391953,21.69681,61.16126263745808,181.89057579182415,39.46445263745808,26.70424991529582,12.760202722162262,24.791508718726305,2.253790493266333,2466,1215,3.6518784131906563,olhc,False,,2026-07-09T08:00:00+00:00,2026-10-07T07:55:00+00:00,0.00995,0.01753,R0.0140_0.0210_G24,90,5m
21.69681,66.07830059387842,21.69681,60.83122492444754,180.36944105814422,39.13441492444754,25.98318902308934,13.151225901358195,24.79150871872631,2.150939589010945,4422,2187,4.946042576188756,ohlc,False,,2026-07-09T08:00:00+00:00,2026-10-07T07:55:00+00:00,0.00995,0.01753,R0.0140_0.0210_G32,90,5m
21.69681,66.07830059387842,21.69681,60.31907074780651,178.00893655706304,38.62226074780651,25.471034846448312,13.151225901358195,24.79150871872631,2.1937660454893706,4334,2143,4.849487675055309,olhc,False,,2026-07-09T08:00:00+00:00,2026-10-07T07:55:00+00:00,0.00995,0.01753,R0.0140_0.0210_G32,90,5m
21.69681,242.28710217755443,21.69681,55.10390638292371,153.9723875672217,33.40709638292371,22.99925282739693,10.407843555526782,24.791508718726316,2.934437601299732,263,125,1.0961309632958827,ohlc,False,,2026-07-09T08:00:00+00:00,2026-10-07T07:55:00+00:00,0.00995,0.01753,R0.0145_0.0210_G8,90,5m
21.69681,242.28710217755443,21.69681,55.64474093931726,156.465079149042,33.94793093931726,23.540087383790482,10.407843555526782,24.791508718726316,2.9035325915731094,269,128,1.1205901535011356,olhc,False,,2026-07-09T08:00:00+00:00,2026-10-07T07:55:00+00:00,0.00995,0.01753,R0.0145_0.0210_G8,90,5m
21.69681,167.73722458446073,21.69681,60.20162424316379,177.46762885034158,38.50481424316379,26.739941774369964,11.764872468793826,24.7915087187263,2.531119045012537,661,321,1.9123759976942227,ohlc,False,,2026-07-09T08:00:00+00:00,2026-10-07T07:55:00+00:00,0.00995,0.01753,R0.0145_0.0210_G12,90,5m
21.69681,167.73722458446073,21.69681,60.025211035412205,176.65454523228163,38.328401035412206,26.56352856661838,11.764872468793826,24.7915087187263,2.5399611143107967,657,319,1.9001605985367676,olhc,False,,2026-07-09T08:00:00+00:00,2026-10-07T07:55:00+00:00,0.00995,0.01753,R0.0145_0.0210_G12,90,5m
21.69681,128.26964232929348,21.69681,61.08074194665066,181.51945814454135,39.38393194665066,26.900388884446414,12.483543062204248,24.79150871872629,2.48746674501336,1181,578,2.605660543098019,ohlc,False,,2026-07-09T08:00:00+00:00,2026-10-07T07:55:00+00:00,0.00995,0.01753,R0.0145_0.0210_G16,90,5m
21.69681,128.26964232929348,21.69681,60.28058208906306,177.83154338846614,38.58377208906306,26.10022902685881,12.483543062204248,24.79150871872629,2.5216898733626136,1147,561,2.529911103984209,olhc,False,,2026-07-09T08:00:00+00:00,2026-10-07T07:55:00+00:00,0.00995,0.01753,R0.0145_0.0210_G16,90,5m
21.69681,103.83732950466612,21.69681,62.8628661103914,189.73321935524808,41.1660561103914,28.237542869479313,12.928513240912089,24.79150871872632,2.4373942125238903,1953,961,3.4833358014148126,ohlc,False,,2026-07-09T08:00:00+00:00,2026-10-07T07:55:00+00:00,0.00995,0.01753,R0.0145_0.0210_G20,90,5m
21.69681,103.83732950466612,21.69681,62.555544831982786,188.31678404328926,40.85873483198279,27.930221591070694,12.928513240912089,24.79150871872632,2.4456758487594565,1935,952,3.4463599007884875,olhc,False,,2026-07-09T08:00:00+00:00,2026-10-07T07:55:00+00:00,0.00995,0.01753,R0.0145_0.0210_G20,90,5m
21.69681,87.22335678391953,21.69681,62.9345564872149,190.0636383284681,41.2377464872149,28.00662040326155,13.231126083953349,24.791508718726305,2.388292037460411,2829,1396,4.237438225719855,ohlc,False,,2026-07-09T08:00:00+00:00,2026-10-07T07:55:00+00:00,0.00995,0.01753,R0.0145_0.0210_G24,90,5m
21.69681,87.22335678391953,21.69681,62.74633932762558,189.19615062133826,41.04952932762558,27.81840324367223,13.231126083953349,24.791508718726305,2.363817275688901,2809,1386,4.209220765243436,olhc,False,,2026-07-09T08:00:00+00:00,2026-10-07T07:55:00+00:00,0.00995,0.01753,R0.0145_0.0210_G24,90,5m
21.69681,66.07830059387842,21.69681,61.83096483743934,184.97721479535167,40.13415483743934,26.51784749648041,13.616307340958933,24.79150871872631,2.2922479354368597,4961,2456,5.615213356829881,ohlc,False,,2026-07-09T08:00:00+00:00,2026-10-07T07:55:00+00:00,0.00995,0.01753,R0.0145_0.0210_G32,90,5m
21.69681,66.07830059387842,21.69681,61.22871830736764,182.2014771174548,39.531908307367644,25.915600966408707,13.616307340958933,24.79150871872631,2.3178832950077255,4851,2401,5.489183976319368,olhc,False,,2026-07-09T08:00:00+00:00,2026-10-07T07:55:00+00:00,0.00995,0.01753,R0.0145_0.0210_G32,90,5m
21.69681,242.28710217755443,21.69681,56.83056294871449,161.93050014594075,35.13375294871449,24.30786999152717,10.825882957187318,25.404406516244954,2.9900408147858344,303,145,1.2721204055585862,ohlc,False,,2026-07-09T08:00:00+00:00,2026-10-07T07:55:00+00:00,0.00995,0.01753,R0.0150_0.0210_G8,90,5m
21.69681,242.28710217755443,21.69681,57.41837266232824,164.63969893421307,35.72156266232824,24.89567970514092,10.825882957187318,24.93403588481981,2.956349358941256,311,149,1.3015999225895136,olhc,False,,2026-07-09T08:00:00+00:00,2026-10-07T07:55:00+00:00,0.00995,0.01753,R0.0150_0.0210_G8,90,5m
21.69681,167.73722458446073,21.69681,61.41243391129031,183.04821727844006,39.71562391129031,27.479101390389904,12.236522520900401,24.7915087187263,2.760380376134038,746,363,2.1737061947061034,ohlc,False,,2026-07-09T08:00:00+00:00,2026-10-07T07:55:00+00:00,0.00995,0.01753,R0.0150_0.0210_G12,90,5m
21.69681,167.73722458446073,21.69681,61.58233704802548,183.83129615840062,39.88552704802548,27.649004527125076,12.236522520900401,24.7915087187263,2.750923063466909,752,366,2.186933530521154,olhc,False,,2026-07-09T08:00:00+00:00,2026-10-07T07:55:00+00:00,0.00995,0.01753,R0.0150_0.0210_G12,90,5m
21.69681,128.26964232929348,21.69681,63.67945790160221,193.4968684410391,41.98264790160221,29.0496853812857,12.932962520316515,24.79150871872629,2.6124730710352035,1404,689,3.1178716671230013,ohlc,False,,2026-07-09T08:00:00+00:00,2026-10-07T07:55:00+00:00,0.00995,0.01753,R0.0150_0.0210_G16,90,5m
21.69681,128.26964232929348,21.69681,62.82636520770592,189.56498769960155,41.12955520770592,28.19659268738941,12.932962520316515,24.79150871872629,2.647388007764491,1368,671,3.0285963315734716,olhc,False,,2026-07-09T08:00:00+00:00,2026-10-07T07:55:00+00:00,0.00995,0.01753,R0.0150_0.0210_G16,90,5m
21.69681,103.83732950466612,21.69681,63.950835112592145,194.747638535767,42.254025112592146,28.88486162105634,13.369163491535808,24.79150871872632,2.6082030230590654,2200,1084,3.9630405288130524,ohlc,False,,2026-07-09T08:00:00+00:00,2026-10-07T07:55:00+00:00,0.00995,0.01753,R0.0150_0.0210_G20,90,5m
21.69681,103.83732950466612,21.69681,63.34383807500257,191.95000589949663,41.647028075002574,28.277864583466766,13.369163491535808,24.79150871872632,2.630047668054198,2156,1062,3.881213025242134,olhc,False,,2026-07-09T08:00:00+00:00,2026-10-07T07:55:00+00:00,0.00995,0.01753,R0.0150_0.0210_G20,90,5m
21.69681,87.22335678391953,21.69681,63.53973453858556,192.8528873073303,41.842924538585564,28.174999549710776,13.667924988874788,24.791508718726305,2.4932714148506734,3150,1556,4.756663098206583,ohlc,False,,2026-07-09T08:00:00+00:00,2026-10-07T07:55:00+00:00,0.00995,0.01753,R0.0150_0.0210_G24,90,5m
21.69681,87.22335678391953,21.69681,63.02182951532833,190.4658773125097,41.32501951532833,27.65709452645354,13.667924988874788,24.791508718726305,2.4918665218734315,3096,1529,4.670716291663593,olhc,False,,2026-07-09T08:00:00+00:00,2026-10-07T07:55:00+00:00,0.00995,0.01753,R0.0150_0.0210_G24,90,5m
21.69681,66.07830059387842,21.69681,62.151703891022166,186.45549226371142,40.45489389102217,26.394282528504863,14.0606113625173,24.79150871872631,2.4978085951671996,5493,2721,6.275626023368439,ohlc,False,,2026-07-09T08:00:00+00:00,2026-10-07T07:55:00+00:00,0.00995,0.01753,R0.0150_0.0210_G32,90,5m
21.69681,66.07830059387842,21.69681,61.55309255749213,183.69650910660198,39.85628255749213,25.79567119497483,14.0606113625173,24.79150871872631,2.535743244781892,5367,2658,6.134378978824323,olhc,False,,2026-07-09T08:00:00+00:00,2026-10-07T07:55:00+00:00,0.00995,0.01753,R0.0150_0.0210_G32,90,5m
