investment_usdt,final_equity,roi_pct,pnl_usdt,mdd_pct,mdd7d_pct,trades,fees_usdt,regime_entries,regime_exits,liquidations,resets,path_mode,range_pct,grids,inventory_cap,ema_fast,ema_slow,vol_max,cooldown_bars,pnl_at_45_usdt,final_equity_at_45_usdt,passes_mdd_5pct,passes_mdd7d_5pct,score,slippage_rate,stress_case
45.0,53.13345767902558,18.07435039783463,8.133457679025582,5.014888165992556,0.32548484293822516,1452,5.858359411187397,142,142,109,259,olhc,0.09,8,0.1,144,576,0.6,72,8.133457679025582,53.13345767902558,False,True,7.963202855114961,0.0005,"cap=0.10,slip=0.05%"
45.0,50.04156895371422,11.203486563809385,5.0415689537142185,5.858835577979668,0.3304712914095736,1452,5.6792858065131,142,142,109,259,olhc,0.09,8,0.1,144,576,0.6,72,5.0415689537142185,50.04156895371422,False,True,-0.596802415002344,0.001,"cap=0.10,slip=0.10%"
45.0,57.651702537452564,28.114894527672373,12.651702537452564,7.44377863266301,0.48804451826081524,1452,9.154333895332964,142,142,109,259,olhc,0.09,8,0.15,144,576,0.6,72,12.651702537452564,57.651702537452564,False,True,13.10532613278115,0.0005,"cap=0.15,slip=0.05%"
45.0,52.69634741732003,17.102994260711178,7.696347417320027,8.674385236773627,0.4955114469731058,1452,8.734793441733789,142,142,109,259,olhc,0.09,8,0.15,144,576,0.6,72,7.696347417320026,52.69634741732003,False,True,-0.3696540745793534,0.001,"cap=0.15,slip=0.10%"
45.0,59.31979776018956,31.821772800421243,14.319797760189559,9.74586801366862,0.6504823628190333,1743,13.530818692243042,142,142,117,259,olhc,0.09,8,0.2,144,576,0.6,72,14.31979776018956,59.31979776018956,False,True,12.167416182379245,0.0005,"cap=0.20,slip=0.05%"
45.0,42.086301754627804,-6.47488498971599,-2.9136982453721956,9.954541474677232,0.3254848429382451,1355,4.532331576730086,142,142,112,259,ohlc,0.09,8,0.1,144,576,0.6,72,-2.9136982453721956,42.086301754627804,False,True,-26.465339149805015,0.0005,"cap=0.10,slip=0.05%"
45.0,52.364052890711264,16.36456197935836,7.364052890711264,12.019546105517028,0.6604212757758114,1733,12.650383398123386,142,142,117,259,olhc,0.09,8,0.2,144,576,0.6,72,7.364052890711264,52.364052890711264,False,True,-7.839635550619649,0.001,"cap=0.20,slip=0.10%"
45.0,39.90656904186757,-11.318735462516516,-5.09343095813243,14.18604941364568,0.33047129140957004,1355,4.414090570053177,142,142,112,259,ohlc,0.09,8,0.1,144,576,0.6,72,-5.09343095813243,39.90656904186757,False,True,-39.773452112660266,0.001,"cap=0.10,slip=0.10%"
45.0,40.64266255342187,-9.682972103506948,-4.3573374465781285,14.66860055694856,0.4880445182608227,1355,6.604902650579769,142,142,112,259,ohlc,0.09,8,0.15,144,576,0.6,72,-4.3573374465781285,40.64266255342187,False,True,-39.14218434696927,0.0005,"cap=0.15,slip=0.05%"
45.0,37.52830827340034,-16.603759392443685,-7.4716917265996585,20.608758627117393,0.4955114469731021,1355,6.351495514134663,142,142,112,259,ohlc,0.09,8,0.15,144,576,0.6,72,-7.4716917265996585,37.52830827340034,False,True,-57.945154508421744,0.001,"cap=0.15,slip=0.10%"
45.0,38.48603146523795,-14.475485632804553,-6.51396853476205,20.668366815402063,0.6504823628190396,1604,9.207827822819553,142,142,117,259,ohlc,0.09,8,0.2,144,576,0.6,72,-6.513968534762049,38.48603146523795,False,True,-55.974839854313444,0.0005,"cap=0.20,slip=0.05%"
45.0,34.61580649225054,-23.07598557277657,-10.384193507749458,27.314751037086843,0.6604212757758164,1598,8.712143992671354,142,142,116,259,ohlc,0.09,8,0.2,144,576,0.6,72,-10.384193507749458,34.61580649225054,False,True,-77.87059296589422,0.001,"cap=0.20,slip=0.10%"
