investment_usdt,qty_per_order,initial_equity,final_equity,roi_pct,pnl_usdt,grid_profit_usdt,unrealized_pnl_usdt,mdd_pct,mdd7d_pct,trades,matched_trades,fees_usdt,path_mode,stopped,stop_price,data_start,data_end,start_close,end_close,experiment,days,interval,passes_mdd7d_5pct,score
21.69681,125.24857126363791,21.69681,64.51349519070001,197.34092334633536,42.81668519070002,31.58804195247003,11.228643238229992,24.79150871872634,1.7904828039896463,2081,1028,4.4432103163933006,ohlc,False,,2026-07-09T17:10:00+00:00,2026-10-07T17:05:00+00:00,0.01019,0.01693,R0.0150_0.0195_G16,90,5m,True,195.20610650840422
21.69681,101.39170054675449,21.69681,64.30207691086261,196.3665023146841,42.60526691086261,30.877980129877578,11.727286780985033,24.791508718726345,2.0637326605809343,2896,1432,5.041719113096227,ohlc,False,,2026-07-09T17:10:00+00:00,2026-10-07T17:05:00+00:00,0.01019,0.01693,R0.0150_0.0200_G20,90,5m,True,194.09506054845733
21.69681,101.39170054675449,21.69681,64.2122572866126,195.95252613915412,42.5154472866126,30.86829027067968,11.647157015932919,24.791508718726345,1.806338499642968,3253,1611,5.608959922946709,ohlc,False,,2026-07-09T17:10:00+00:00,2026-10-07T17:05:00+00:00,0.01019,0.01693,R0.0150_0.0195_G20,90,5m,True,193.8097814533963
21.69681,163.78659319091113,21.69681,64.14021865189756,195.6205020548991,42.443408651897556,31.89076332495416,10.552645326943392,24.791508718726316,1.8502172021749717,1173,577,3.26655052118751,ohlc,False,,2026-07-09T17:10:00+00:00,2026-10-07T17:05:00+00:00,0.01019,0.01693,R0.0150_0.0195_G12,90,5m,True,193.45581801787532
21.69681,101.39170054675449,21.69681,63.97778861160026,194.87186647069436,42.28097861160026,30.735023249892667,11.545955361707591,24.791508718726345,1.4167223631423298,3706,1838,6.320553570448097,ohlc,False,,2026-07-09T17:10:00+00:00,2026-10-07T17:05:00+00:00,0.01019,0.01693,R0.0150_0.0190_G20,90,5m,True,192.92392985318685
21.69681,163.78659319091113,21.69681,63.78703727996033,193.9926988343463,42.09022727996033,31.436709541906797,10.653517738053537,24.791508718726316,0.8235101632107767,2228,1105,6.073728730794527,ohlc,False,,2026-07-09T17:10:00+00:00,2026-10-07T17:05:00+00:00,0.01019,0.01693,R0.0155_0.0180_G12,90,5m,True,192.34136831680462
21.69681,125.24857126363791,21.69681,63.848063341939195,194.2739662740246,42.151253341939196,31.01505932813652,11.136194013802672,24.79150871872634,1.5015070562715764,2329,1152,4.914572832796692,ohlc,False,,2026-07-09T17:10:00+00:00,2026-10-07T17:05:00+00:00,0.01019,0.01693,R0.0150_0.0190_G16,90,5m,True,192.28363730995247
21.69681,85.16902845927379,21.69681,63.89110379565997,194.47233854036597,42.19429379565997,30.17928373799718,12.015010057662792,24.791508718726334,2.0398491265403584,4175,2068,6.098784287686103,ohlc,False,,2026-07-09T17:10:00+00:00,2026-10-07T17:05:00+00:00,0.01019,0.01693,R0.0150_0.0200_G24,90,5m,True,192.2128385411595
21.69681,125.24857126363791,21.69681,63.61885735822984,193.21756220490406,41.92204735822984,30.920548623027386,11.001498735202453,24.79150871872634,1.1138511546298804,2707,1342,5.629650514257292,ohlc,False,,2026-07-09T17:10:00+00:00,2026-10-07T17:05:00+00:00,0.01019,0.01693,R0.0150_0.0185_G16,90,5m,True,191.4210611916528
21.69681,125.24857126363791,21.69681,63.681389650740385,193.50577181963794,41.984579650740386,30.675359628316553,11.30922002242383,24.79150871872634,2.2279985594030403,1814,894,3.896165148921688,ohlc,False,,2026-07-09T17:10:00+00:00,2026-10-07T17:05:00+00:00,0.01019,0.01693,R0.0150_0.0200_G16,90,5m,True,191.1521971040001
21.69681,101.39170054675449,21.69681,63.5211102058456,192.76704827043977,41.8243002058456,30.604808353830663,11.21949185201494,24.791508718726345,1.6021083005954002,2830,1400,4.834305713822553,ohlc,False,,2026-07-09T17:10:00+00:00,2026-10-07T17:05:00+00:00,0.01019,0.01693,R0.0145_0.0195_G20,90,5m,True,190.72641868420575
21.69681,85.16902845927379,21.69681,63.30077964688769,191.75155078966765,41.60396964688769,29.671071882179685,11.93289776470801,24.791508718726334,1.7568932696456554,4624,2293,6.701010127654783,ohlc,False,,2026-07-09T17:10:00+00:00,2026-10-07T17:05:00+00:00,0.01019,0.01693,R0.0150_0.0195_G24,90,5m,True,189.6335287189085
21.69681,236.58063460909386,21.69681,63.09154828409021,190.78720919844997,41.39473828409021,32.46435376625055,8.93038451783966,24.791508718726302,0.7352321753185117,820,404,3.1772758581679024,ohlc,False,,2026-07-09T17:10:00+00:00,2026-10-07T17:05:00+00:00,0.01019,0.01693,R0.0150_0.0180_G8,90,5m,True,189.1800176748544
21.69681,236.58063460909386,21.69681,62.813208611860965,189.5043493115392,41.116398611860966,31.72618402599818,9.390214585862786,24.874439655390525,0.8419158663984756,978,483,3.855351917200957,ohlc,False,,2026-07-09T17:10:00+00:00,2026-10-07T17:05:00+00:00,0.01019,0.01693,R0.0155_0.0180_G8,90,5m,True,187.8396693955704
21.69681,163.78659319091113,21.69681,62.86180780516276,189.7283416555833,41.16499780516276,30.698554280276085,10.466443524886678,24.791508718726316,1.5863986079521935,1281,631,3.526003647938554,ohlc,False,,2026-07-09T17:10:00+00:00,2026-10-07T17:05:00+00:00,0.01019,0.01693,R0.0150_0.0190_G12,90,5m,True,187.6955669156709
21.69681,125.24857126363791,21.69681,62.89529001587424,189.882660243023,41.19848001587424,30.294828475146623,10.903651540727616,24.79150871872634,1.982134574286386,1601,788,3.404020855705518,ohlc,False,,2026-07-09T17:10:00+00:00,2026-10-07T17:05:00+00:00,0.01019,0.01693,R0.0145_0.0200_G16,90,5m,True,187.65201751994348
21.69681,125.24857126363791,21.69681,62.69604513626229,188.96434607789024,40.99923513626229,30.16939303862268,10.829842097639613,24.79150871872634,0.6929444081619714,3162,1570,6.494607144590191,ohlc,False,,2026-07-09T17:10:00+00:00,2026-10-07T17:05:00+00:00,0.01019,0.01693,B0_baseline,90,5m,True,187.37829843787293
21.69681,125.24857126363791,21.69681,62.69604513626229,188.96434607789024,40.99923513626229,30.16939303862268,10.829842097639613,24.79150871872634,0.6929444081619714,3162,1570,6.494607144590191,ohlc,False,,2026-07-09T17:10:00+00:00,2026-10-07T17:05:00+00:00,0.01019,0.01693,R0.0150_0.0180_G16,90,5m,True,187.37829843787293
21.69681,125.24857126363791,21.69681,62.801935802860925,189.45239324518639,41.105125802860925,30.290232346576236,10.814893456284693,24.79150871872634,1.692021051939641,1765,870,3.7250866012120345,ohlc,False,,2026-07-09T17:10:00+00:00,2026-10-07T17:05:00+00:00,0.01019,0.01693,R0.0145_0.0195_G16,90,5m,True,187.36680728328022
21.69681,125.24857126363791,21.69681,62.71832889952609,189.0670513293249,41.02151889952609,30.338554270095003,10.68296462943109,24.79150871872634,1.3973593721934032,1978,977,4.131831063643822,ohlc,False,,2026-07-09T17:10:00+00:00,2026-10-07T17:05:00+00:00,0.01019,0.01693,R0.0145_0.0190_G16,90,5m,True,187.12879620729186
21.69681,163.78659319091113,21.69681,62.782367509783036,189.3622035210846,41.08555750978304,30.444981687524745,10.640575822258292,24.791508718726316,2.308005991639521,1008,494,2.8291641503317795,ohlc,False,,2026-07-09T17:10:00+00:00,2026-10-07T17:05:00+00:00,0.01019,0.01693,R0.0150_0.0200_G12,90,5m,True,186.96862508932855
21.69681,163.78659319091113,21.69681,62.62955877823603,188.6579122840456,40.93274877823603,30.59863145555906,10.334117322676967,24.791508718726316,1.0644102495893042,1476,729,4.011671913863563,ohlc,False,,2026-07-09T17:10:00+00:00,2026-10-07T17:05:00+00:00,0.01019,0.01693,R0.0150_0.0185_G12,90,5m,True,186.88613172331466
21.69681,163.78659319091113,21.69681,62.47593724230933,187.9498748539962,40.77912724230933,30.612070943879605,10.16705629842972,24.791508718726316,0.6317639241827916,1749,866,4.700902403527383,ohlc,False,,2026-07-09T17:10:00+00:00,2026-10-07T17:05:00+00:00,0.01019,0.01693,R0.0150_0.0180_G12,90,5m,True,186.3944174559685
21.69681,101.39170054675449,21.69681,62.47760200156098,187.957547683558,40.78079200156098,29.36534702437795,11.415444977183036,24.791508718726345,0.9601645995337156,4157,2064,6.9920415399202644,ohlc,False,,2026-07-09T17:10:00+00:00,2026-10-07T17:05:00+00:00,0.01019,0.01693,R0.0150_0.0185_G20,90,5m,True,186.23788994785482
21.69681,85.16902845927379,21.69681,62.42795074981302,187.72870643109758,40.73114074981302,28.902437443017053,11.828703306795965,24.791508718726334,1.4012132495633984,5176,2570,7.426455834164942,ohlc,False,,2026-07-09T17:10:00+00:00,2026-10-07T17:05:00+00:00,0.01019,0.01693,R0.0150_0.0190_G24,90,5m,True,185.78852437037955
21.69681,101.39170054675449,21.69681,62.304241768619214,187.1585351423514,40.607431768619215,29.514845525038794,11.09258624358042,24.791508718726345,1.3067593456691866,3073,1522,5.187256840172948,ohlc,False,,2026-07-09T17:10:00+00:00,2026-10-07T17:05:00+00:00,0.01019,0.01693,R0.0145_0.0190_G20,90,5m,True,185.26558003358048
21.69681,125.24857126363791,21.69681,62.24784041435959,186.89858285323783,40.55103041435959,29.237425912528497,11.313604501831087,24.79150871872634,0.8174370227669335,3855,1916,8.03341057704189,ohlc,False,,2026-07-09T17:10:00+00:00,2026-10-07T17:05:00+00:00,0.01019,0.01693,R0.0155_0.0180_G16,90,5m,True,185.25028890591804
21.69681,85.16902845927379,21.69681,62.23922000071176,186.85885160404575,40.54241000071176,29.037981342981382,11.50442865773038,24.791508718726334,1.5396156301227573,3956,1960,5.67365008429247,ohlc,False,,2026-07-09T17:10:00+00:00,2026-10-07T17:05:00+00:00,0.01019,0.01693,R0.0145_0.0195_G24,90,5m,True,184.84946835304805
21.69681,85.16902845927379,21.69681,62.254329942440386,186.92849290951244,40.557519942440386,28.948249950076715,11.609269992363672,24.791508718726334,1.7957093059269447,3553,1758,5.13621581250933,ohlc,False,,2026-07-09T17:10:00+00:00,2026-10-07T17:05:00+00:00,0.01019,0.01693,R0.0145_0.0200_G24,90,5m,True,184.79106282061264
21.69681,125.24857126363791,21.69681,62.16023605702436,186.49481678193413,40.463426057024364,29.93765440509475,10.52577165192961,24.79150871872634,0.9413385547309505,2231,1104,4.588536567030145,ohlc,False,,2026-07-09T17:10:00+00:00,2026-10-07T17:05:00+00:00,0.01019,0.01693,R0.0145_0.0185_G16,90,5m,True,184.78457206863231
21.69681,101.39170054675449,21.69681,62.246554941594866,186.89265814465293,40.54974494159487,29.226096749894342,11.32364819170052,24.791508718726345,1.8551051355102128,2445,1207,4.208475148698439,ohlc,False,,2026-07-09T17:10:00+00:00,2026-10-07T17:05:00+00:00,0.01019,0.01693,R0.0145_0.0200_G20,90,5m,True,184.7255301409615
21.69681,85.16902845927379,21.69681,61.787377778053525,184.77632323854763,40.090567778053526,28.713614871524513,11.376952906529013,24.791508718726334,1.2248402879601477,4413,2189,6.265356497756282,ohlc,False,,2026-07-09T17:10:00+00:00,2026-10-07T17:05:00+00:00,0.01019,0.01693,R0.0145_0.0190_G24,90,5m,True,182.92432765863123
21.69681,101.39170054675449,21.69681,61.82289175879254,184.9400061981118,40.12608175879254,28.27049600889612,11.855585749896413,24.791508718726345,3.2115582331788226,2202,1084,3.8731519441078768,ohlc,False,,2026-07-09T17:10:00+00:00,2026-10-07T17:05:00+00:00,0.01019,0.01693,R0.0150_0.0210_G20,90,5m,True,182.09465164558605
21.69681,163.78659319091113,21.69681,61.52698586592388,183.57618408385326,39.830175865923884,30.180527877660246,9.649647988263638,24.791508718726316,0.5593352509118666,1436,710,3.8232562832127415,ohlc,False,,2026-07-09T17:10:00+00:00,2026-10-07T17:05:00+00:00,0.01019,0.01693,R0.0145_0.0180_G12,90,5m,True,182.05694102246102
21.69681,101.39170054675449,21.69681,61.5302943497971,183.59143279494592,39.833484349797104,29.075950272880647,10.757534076916457,24.791508718726345,1.4553499067905697,2397,1184,4.0487600605189105,ohlc,False,,2026-07-09T17:10:00+00:00,2026-10-07T17:05:00+00:00,0.01019,0.01693,R0.0140_0.0195_G20,90,5m,True,181.6241824056143
21.69681,125.24857126363791,21.69681,61.32174226289183,182.63022196761568,39.62493226289183,29.30758524100115,10.317347021890683,24.79150871872634,0.5570690837260236,2533,1256,5.15567885653438,ohlc,False,,2026-07-09T17:10:00+00:00,2026-10-07T17:05:00+00:00,0.01019,0.01693,R0.0145_0.0180_G16,90,5m,True,181.11211198981633
21.69681,163.78659319091113,21.69681,61.331922316765095,182.67714155567154,39.635112316765095,29.788321650599485,9.84679066616561,24.791508718726316,0.9739288402031849,1231,607,3.3093129338490526,ohlc,False,,2026-07-09T17:10:00+00:00,2026-10-07T17:05:00+00:00,0.01019,0.01693,R0.0145_0.0185_G12,90,5m,True,180.95060169963364
21.69681,236.58063460909386,21.69681,61.386255634829325,182.9275623228914,39.689445634829326,30.48790347090374,9.201542163925588,25.57324119830125,1.5510756945751096,569,278,2.2679378486554915,ohlc,False,,2026-07-09T17:10:00+00:00,2026-10-07T17:05:00+00:00,0.01019,0.01693,R0.0150_0.0190_G8,90,5m,True,180.87336241568877
21.69681,125.24857126363791,21.69681,61.583570261143514,183.8369800037126,39.886760261143515,28.457372511889368,11.429387749254147,24.79150871872634,3.452415473881845,1407,690,3.0507877902096694,ohlc,False,,2026-07-09T17:10:00+00:00,2026-10-07T17:05:00+00:00,0.01019,0.01693,R0.0150_0.0210_G16,90,5m,True,180.87119683083534
21.69681,85.16902845927379,21.69681,61.43967311363912,183.17376201219957,39.74286311363912,27.608207893073892,12.134655220565229,24.791508718726334,3.1942034537190924,3154,1557,4.6504294329651366,ohlc,False,,2026-07-09T17:10:00+00:00,2026-10-07T17:05:00+00:00,0.01019,0.01693,R0.0150_0.0210_G24,90,5m,True,180.3370848494037
21.69681,85.16902845927379,21.69681,61.24236797604303,182.26438806461886,39.54555797604303,28.375850559078376,11.169707416964648,24.791508718726334,1.7332281633831133,3124,1544,4.470879388175582,ohlc,False,,2026-07-09T17:10:00+00:00,2026-10-07T17:05:00+00:00,0.01019,0.01693,R0.0140_0.0200_G24,90,5m,True,180.158198546991
21.69681,85.16902845927379,21.69681,61.18070602881827,181.98018984734748,39.48389602881827,28.44009535213629,11.043800676681983,24.791508718726334,1.3986640212841603,3441,1703,4.878426320408249,ohlc,False,,2026-07-09T17:10:00+00:00,2026-10-07T17:05:00+00:00,0.01019,0.01693,R0.0140_0.0195_G24,90,5m,True,180.0412824007691
21.69681,101.39170054675449,21.69681,61.181926002527,181.98581267258643,39.485116002527,28.602573707472658,10.882542295054343,24.791508718726345,1.8386509094799626,2158,1064,3.669802997163219,ohlc,False,,2026-07-09T17:10:00+00:00,2026-10-07T17:05:00+00:00,0.01019,0.01693,R0.0140_0.0200_G20,90,5m,True,179.82691178191013
21.69681,101.39170054675449,21.69681,60.99703980800578,181.13367729175755,39.30022980800578,28.69207561981497,10.608154188190817,24.791508718726345,1.1827374068950962,2628,1300,4.384328687165796,ohlc,False,,2026-07-09T17:10:00+00:00,2026-10-07T17:05:00+00:00,0.01019,0.01693,R0.0140_0.0190_G20,90,5m,True,179.30273315237366
21.69681,163.78659319091113,21.69681,61.0534173866333,181.39351999963728,39.3566073866333,29.214044003694273,10.142563382939024,24.791508718726316,1.7592444192793273,953,467,2.630841705253665,ohlc,False,,2026-07-09T17:10:00+00:00,2026-10-07T17:05:00+00:00,0.01019,0.01693,R0.0145_0.0195_G12,90,5m,True,179.2743223540613
21.69681,64.52199125702563,21.69681,61.00754422099696,181.18209184205864,39.31073422099696,27.337918211605142,11.97281600939182,24.791508718726284,1.7957917032427402,6259,3105,6.850714387877258,ohlc,False,,2026-07-09T17:10:00+00:00,2026-10-07T17:05:00+00:00,0.01019,0.01693,R0.0145_0.0200_G32,90,5m,True,179.04462055450097
21.69681,85.16902845927379,21.69681,60.8781969782131,180.58593396085922,39.1813869782131,27.48318703855575,11.698199939657343,24.791508718726334,0.9362418517159271,5827,2896,8.237591931137276,ohlc,False,,2026-07-09T17:10:00+00:00,2026-10-07T17:05:00+00:00,0.01019,0.01693,R0.0150_0.0185_G24,90,5m,True,178.87823759906496
21.69681,125.24857126363791,21.69681,60.91848367002652,180.77161421437768,39.22167367002652,28.736717086718084,10.484956583308438,24.79150871872634,1.8359444295097176,1373,674,2.8891184720909484,ohlc,False,,2026-07-09T17:10:00+00:00,2026-10-07T17:05:00+00:00,0.01019,0.01693,R0.0140_0.0200_G16,90,5m,True,178.6140665636865
21.69681,101.39170054675449,21.69681,60.77464303412019,180.10865668326446,39.07783303412019,28.143246846325813,10.934586187794373,24.791508718726345,0.8517812879467828,3360,1666,5.59618783779084,ohlc,False,,2026-07-09T17:10:00+00:00,2026-10-07T17:05:00+00:00,0.01019,0.01693,R0.0145_0.0185_G20,90,5m,True,178.44319060335474
21.69681,64.52199125702563,21.69681,60.87259228000268,180.56010206109875,39.17578228000268,26.801701859600893,12.374080420401782,24.791508718726284,2.012702542814549,6975,3462,7.718099387866302,ohlc,False,,2026-07-09T17:10:00+00:00,2026-10-07T17:05:00+00:00,0.01019,0.01693,R0.0150_0.0200_G32,90,5m,True,178.31417535375516
21.69681,101.39170054675449,21.69681,60.71634519775674,179.83996356034245,39.01953519775674,27.776763869938588,11.242771327818154,24.791508718726345,0.8544881378214393,4741,2357,7.892006465997816,ohlc,False,,2026-07-09T17:10:00+00:00,2026-10-07T17:05:00+00:00,0.01019,0.01693,R0.0150_0.0180_G20,90,5m,True,178.1731440554954
21.69681,85.16902845927379,21.69681,60.90832706245533,180.72480268968263,39.21151706245533,27.437516559463464,11.77400050299186,24.791508718726334,2.9956244135399817,2833,1397,4.143400388758242,ohlc,False,,2026-07-09T17:10:00+00:00,2026-10-07T17:05:00+00:00,0.01019,0.01693,R0.0145_0.0210_G24,90,5m,True,177.9874150469763
21.69681,85.16902845927379,21.69681,60.68034002958916,179.67401673144192,38.98353002958916,28.08936709539304,10.894162934196117,24.791508718726334,1.1170978720509983,3788,1877,5.304839313235415,ohlc,False,,2026-07-09T17:10:00+00:00,2026-10-07T17:05:00+00:00,0.01019,0.01693,R0.0140_0.0190_G24,90,5m,True,177.87589235948013
21.69681,101.39170054675449,21.69681,60.823144655742325,180.33219932212305,39.126334655742326,27.630940526303544,11.495394129438786,24.791508718726345,3.0816635534120977,1955,961,3.404736288294986,ohlc,False,,2026-07-09T17:10:00+00:00,2026-10-07T17:05:00+00:00,0.01019,0.01693,R0.0145_0.0210_G20,90,5m,True,177.55179210948066
21.69681,163.78659319091113,21.69681,60.57871156947813,179.2056139565131,38.88190156947813,28.656613551126366,10.225288018351762,24.791508718726316,2.119747646743453,851,416,2.3666861010484457,ohlc,False,,2026-07-09T17:10:00+00:00,2026-10-07T17:05:00+00:00,0.01019,0.01693,R0.0145_0.0200_G12,90,5m,True,176.90616469720507
21.69681,101.39170054675449,21.69681,60.39440166149583,178.35613466447754,38.69759166149583,27.966868239096563,10.730723422399265,24.791508718726345,0.7199312662353949,3904,1939,6.4264230131444275,ohlc,False,,2026-07-09T17:10:00+00:00,2026-10-07T17:05:00+00:00,0.01019,0.01693,R0.0145_0.0180_G20,90,5m,True,176.7565935954235
21.69681,64.52199125702563,21.69681,60.46410074832629,178.67737583693776,38.76729074832629,26.90019217423205,11.867098574094236,24.791508718726284,1.4887048647773122,6892,3422,7.477683818579474,ohlc,False,,2026-07-09T17:10:00+00:00,2026-10-07T17:05:00+00:00,0.01019,0.01693,R0.0145_0.0195_G32,90,5m,True,176.6934479686128
21.69681,64.52199125702563,21.69681,60.46739414268796,178.69255500088704,38.77058414268796,26.47870763947668,12.291876503211277,24.791508718726284,1.7098007876569807,7842,3896,8.60002401420323,ohlc,False,,2026-07-09T17:10:00+00:00,2026-10-07T17:05:00+00:00,0.01019,0.01693,R0.0150_0.0195_G32,90,5m,True,176.59807917112224
21.69681,85.16902845927379,21.69681,60.32832877723956,178.0516065598563,38.63151877723956,27.414537851370234,11.21698092586933,24.791508718726334,0.8300315431361387,4865,2416,6.803849115496572,ohlc,False,,2026-07-09T17:10:00+00:00,2026-10-07T17:05:00+00:00,0.01019,0.01693,R0.0145_0.0185_G24,90,5m,True,176.3970153523519
21.69681,125.24857126363791,21.69681,60.12838624526762,177.13007693420195,38.43157624526762,28.08433686618178,10.347239379085842,24.79150871872634,1.558610795118282,1462,719,3.057291448275708,ohlc,False,,2026-07-09T17:10:00+00:00,2026-10-07T17:05:00+00:00,0.01019,0.01693,R0.0140_0.0195_G16,90,5m,True,175.11119610070648
21.69681,101.39170054675449,21.69681,60.01623112927335,176.6131570920949,38.31942112927335,27.893491947703513,10.425929181569835,24.791508718726345,0.7561547538817249,2877,1425,4.738562411844964,ohlc,False,,2026-07-09T17:10:00+00:00,2026-10-07T17:05:00+00:00,0.01019,0.01693,R0.0140_0.0185_G20,90,5m,True,174.9955042792177
21.69681,64.52199125702563,21.69681,60.12889432878253,177.13241867713515,38.43208432878253,25.934071448933857,12.498012879848673,24.791508718726284,3.0871800046912403,5507,2727,6.1432045703261915,ohlc,False,,2026-07-09T17:10:00+00:00,2026-10-07T17:05:00+00:00,0.01019,0.01693,R0.0150_0.0210_G32,90,5m,True,174.34925323885324
21.69681,64.52199125702563,21.69681,59.96200744002194,176.3632416010554,38.26519744002194,26.72997434806365,11.535223091958294,24.791508718726284,1.665518186280425,5462,2707,5.908743766737177,ohlc,False,,2026-07-09T17:10:00+00:00,2026-10-07T17:05:00+00:00,0.01019,0.01693,R0.0140_0.0200_G32,90,5m,True,174.29090707197886
21.69681,163.78659319091113,21.69681,59.92784282024744,176.2057778090302,38.23103282024744,28.227073597704226,10.003959222543216,24.791508718726316,1.384871622855927,1026,504,2.8042611328124663,ohlc,False,,2026-07-09T17:10:00+00:00,2026-10-07T17:05:00+00:00,0.01019,0.01693,R0.0145_0.0190_G12,90,5m,True,174.27376656166592
21.69681,125.24857126363791,21.69681,59.85435468838308,175.86707303231714,38.157544688383084,27.963613539456873,10.193931148926207,24.79150871872634,1.201609998066871,1617,797,3.329192950431576,ohlc,False,,2026-07-09T17:10:00+00:00,2026-10-07T17:05:00+00:00,0.01019,0.01693,R0.0140_0.0190_G16,90,5m,True,174.02669259734736
21.69681,125.24857126363791,21.69681,59.774419906054156,175.49865582108225,38.07760990605416,28.064927171214936,10.01268273483922,24.79150871872634,0.8025577598318875,1820,899,3.698092496935362,ohlc,False,,2026-07-09T17:10:00+00:00,2026-10-07T17:05:00+00:00,0.01019,0.01693,R0.0140_0.0185_G16,90,5m,True,173.85780150523
21.69681,64.52199125702563,21.69681,59.81603467127249,175.69045712836353,38.11922467127249,26.71277564171744,11.406449029555056,24.791508718726284,1.3625454536227144,6030,2992,6.463893879898087,ohlc,False,,2026-07-09T17:10:00+00:00,2026-10-07T17:05:00+00:00,0.01019,0.01693,R0.0140_0.0195_G32,90,5m,True,173.76960896561587
21.69681,85.16902845927379,21.69681,59.866109293380724,175.92124968315954,38.169299293380725,26.795737132582417,11.373562160798308,24.791508718726334,2.747194905520484,2528,1245,3.657096758423159,ohlc,False,,2026-07-09T17:10:00+00:00,2026-10-07T17:05:00+00:00,0.01019,0.01693,R0.0140_0.0210_G24,90,5m,True,173.30807679446298
21.69681,236.58063460909386,21.69681,59.69984152162686,175.1549261003201,38.00303152162686,28.941667061739015,9.061364459887844,24.791508718726302,1.3796324916241556,624,306,2.442199021575227,ohlc,False,,2026-07-09T17:10:00+00:00,2026-10-07T17:05:00+00:00,0.01019,0.01693,R0.0150_0.0185_G8,90,5m,True,173.22553441857173
21.69681,64.52199125702563,21.69681,59.85247367951554,175.8584035142288,38.15566367951554,26.019501361072784,12.136162318442757,24.791508718726284,2.8856441779973254,4969,2459,5.491686635329015,ohlc,False,,2026-07-09T17:10:00+00:00,2026-10-07T17:05:00+00:00,0.01019,0.01693,R0.0145_0.0210_G32,90,5m,True,173.17600598929383
21.69681,85.16902845927379,21.69681,59.46506943277254,174.0728680058153,37.76825943277254,27.059623829722884,10.70863560304965,24.791508718726334,0.7357460245093759,4126,2047,5.703610590157815,ohlc,False,,2026-07-09T17:10:00+00:00,2026-10-07T17:05:00+00:00,0.01019,0.01693,R0.0140_0.0185_G24,90,5m,True,172.46541955762433
21.69681,101.39170054675449,21.69681,59.423944507318495,173.8833243565229,37.727134507318496,26.000996267138408,11.726138240180084,24.791508718726345,1.0438148873028625,5681,2826,9.582514882229043,ohlc,False,,2026-07-09T17:10:00+00:00,2026-10-07T17:05:00+00:00,0.01019,0.01693,R0.0155_0.0180_G20,90,5m,True,172.12184147693515
21.69681,101.39170054675449,21.69681,59.35064481947988,173.54548811313683,37.65383481947988,27.451728582594395,10.202106236885484,24.791508718726345,0.6076626999734559,3238,1606,5.269404596996964,ohlc,False,,2026-07-09T17:10:00+00:00,2026-10-07T17:05:00+00:00,0.01019,0.01693,R0.0140_0.0180_G20,90,5m,True,172.00208132721377
21.69681,64.52199125702563,21.69681,59.337022065104165,173.48270121323904,37.640212065104166,25.9026442559359,11.737567809168262,24.791508718726284,1.1883181209120206,7558,3756,8.113998080356808,ohlc,False,,2026-07-09T17:10:00+00:00,2026-10-07T17:05:00+00:00,0.01019,0.01693,R0.0145_0.0190_G32,90,5m,True,171.64896671684673
21.69681,101.39170054675449,21.69681,59.47817774164825,174.13328384056575,37.78136774164825,26.689746022691256,11.091621718956993,24.791508718726345,2.8507724896691293,1726,847,2.9796979048403083,ohlc,False,,2026-07-09T17:10:00+00:00,2026-10-07T17:05:00+00:00,0.01019,0.01693,R0.0140_0.0210_G20,90,5m,True,171.46832215979487
21.69681,236.58063460909386,21.69681,59.377157149161405,173.66768271078286,37.680347149161406,28.404359970621414,9.275987178539989,25.534947358564942,2.0185545846817288,471,229,1.8990638138750906,ohlc,False,,2026-07-09T17:10:00+00:00,2026-10-07T17:05:00+00:00,0.01019,0.01693,R0.0150_0.0195_G8,90,5m,True,171.38165805051375
21.69681,125.24857126363791,21.69681,59.166147293427855,172.69514409458282,37.469337293427856,27.67874791621095,9.79058937721691,24.79150871872634,0.5169781573040004,2041,1010,4.10005410143738,ohlc,False,,2026-07-09T17:10:00+00:00,2026-10-07T17:05:00+00:00,0.01019,0.01693,R0.0140_0.0180_G16,90,5m,True,171.1970795799945
21.69681,85.16902845927379,21.69681,59.05528434403638,172.18417981277608,37.35847434403638,26.346638629694688,11.011835714341693,24.791508718726334,0.8690452317852083,5507,2738,7.612557437637903,ohlc,False,,2026-07-09T17:10:00+00:00,2026-10-07T17:05:00+00:00,0.01019,0.01693,R0.0145_0.0180_G24,90,5m,True,170.51008176094717
21.69681,163.78659319091113,21.69681,59.33763631185718,173.4855322596141,37.64082631185718,26.86757250747301,10.773253804384169,24.791508718726316,3.6657517564597697,747,363,2.1252583679823047,ohlc,False,,2026-07-09T17:10:00+00:00,2026-10-07T17:05:00+00:00,0.01019,0.01693,R0.0150_0.0210_G12,90,5m,True,170.41308094544792
21.69681,64.52199125702563,21.69681,59.01440240217094,171.99575606815444,37.31759240217094,25.129013109591,12.188579292579938,24.791508718726284,1.3590240109680223,8656,4304,9.399623458496603,ohlc,False,,2026-07-09T17:10:00+00:00,2026-10-07T17:05:00+00:00,0.01019,0.01693,R0.0150_0.0190_G32,90,5m,True,170.07666862673412
21.69681,163.78659319091113,21.69681,58.93335205114894,171.62219723152361,37.23654205114894,27.88491459775724,9.351627453391696,24.791508718726316,0.9821816515491417,1009,496,2.6803001495300838,ohlc,False,,2026-07-09T17:10:00+00:00,2026-10-07T17:05:00+00:00,0.01019,0.01693,R0.0140_0.0185_G12,90,5m,True,169.89153096981275
21.69681,236.58063460909386,21.69681,59.09261034879016,172.35621434114123,37.39580034879016,27.994302048082936,9.401498300707228,25.497503241564313,2.445916395781659,422,204,1.7075718698265199,ohlc,False,,2026-07-09T17:10:00+00:00,2026-10-07T17:05:00+00:00,0.01019,0.01693,R0.0150_0.0200_G8,90,5m,True,169.8583809811722
21.69681,125.24857126363791,21.69681,59.11326666216823,172.4514187208545,37.41645666216823,26.354864689579227,11.061591972589007,24.79150871872634,3.271504260611359,1184,579,2.550648550986063,ohlc,False,,2026-07-09T17:10:00+00:00,2026-10-07T17:05:00+00:00,0.01019,0.01693,R0.0145_0.0210_G16,90,5m,True,169.57609115461247
21.69681,85.16902845927379,21.69681,58.823191148774626,171.11446866509237,37.12638114877463,25.60244512801631,11.52393602075832,24.791508718726334,1.0487503051214633,6625,3296,9.255284483477912,ohlc,False,,2026-07-09T17:10:00+00:00,2026-10-07T17:05:00+00:00,0.01019,0.01693,R0.0150_0.0180_G24,90,5m,True,169.35051807659534
21.69681,163.78659319091113,21.69681,58.85010104618843,171.23849564147187,37.15329104618843,27.490260723934377,9.663030322254055,24.791508718726316,1.570727821417774,804,393,2.199151849104339,ohlc,False,,2026-07-09T17:10:00+00:00,2026-10-07T17:05:00+00:00,0.01019,0.01693,R0.0140_0.0195_G12,90,5m,True,169.21355629482667
21.69681,64.52199125702563,21.69681,58.92339498021266,171.57630536568584,37.226584980212664,25.491409376691983,11.73517560352068,24.791508718726284,2.6749707690176505,4430,2190,4.838402535555905,ohlc,False,,2026-07-09T17:10:00+00:00,2026-10-07T17:05:00+00:00,0.01019,0.01693,R0.0140_0.0210_G32,90,5m,True,168.9992445452407
21.69681,64.52199125702563,21.69681,58.712633929033345,170.60491348282696,37.015823929033346,25.76088512403238,11.254938805000968,24.791508718726284,1.0415812593514346,6511,3233,6.910108276094347,ohlc,False,,2026-07-09T17:10:00+00:00,2026-10-07T17:05:00+00:00,0.01019,0.01693,R0.0140_0.0190_G32,90,5m,True,168.84454741721493
21.69681,236.58063460909386,21.69681,58.45920408289254,169.4368622986169,36.76239408289254,28.373728447532493,8.388665635360052,24.791508718726302,0.6771754691465282,603,296,2.315341349310664,ohlc,False,,2026-07-09T17:10:00+00:00,2026-10-07T17:05:00+00:00,0.01019,0.01693,R0.0145_0.0180_G8,90,5m,True,167.85869912810733
21.69681,163.78659319091113,21.69681,58.562140254793704,169.91129228118652,36.865330254793705,27.05478187475373,9.810548380039979,24.791508718726316,2.0352647987317107,729,355,2.007134407785755,ohlc,False,,2026-07-09T17:10:00+00:00,2026-10-07T17:05:00+00:00,0.01019,0.01693,R0.0140_0.0200_G12,90,5m,True,167.65408444588437
21.69681,85.16902845927379,21.69681,58.404967184440565,169.18688592673564,36.708157184440566,26.226197880083195,10.481959304357375,24.791508718726334,0.7447150428935724,4603,2286,6.280265237204657,ohlc,False,,2026-07-09T17:10:00+00:00,2026-10-07T17:05:00+00:00,0.01019,0.01693,R0.0140_0.0180_G24,90,5m,True,167.57495296935252
21.69681,163.78659319091113,21.69681,58.273349511948226,168.58026369751232,36.576539511948226,27.030650602822572,9.545888909125654,24.791508718726316,1.3832853476803744,878,430,2.359415931043719,ohlc,False,,2026-07-09T17:10:00+00:00,2026-10-07T17:05:00+00:00,0.01019,0.01693,R0.0140_0.0190_G12,90,5m,True,166.64904558773583
21.69681,163.78659319091113,21.69681,58.22675893771208,168.36552902344667,36.52994893771208,26.141694527974373,10.388254409737705,24.791508718726316,3.406503659760645,662,321,1.8701059563808287,ohlc,False,,2026-07-09T17:10:00+00:00,2026-10-07T17:05:00+00:00,0.01019,0.01693,R0.0145_0.0210_G12,90,5m,True,165.42270175763005
21.69681,236.58063460909386,21.69681,57.88231184391729,166.77798185040703,36.185501843917294,27.58998780501545,8.595514038901847,24.791508718726302,1.0360046666239882,512,250,1.9900020113826178,ohlc,False,,2026-07-09T17:10:00+00:00,2026-10-07T17:05:00+00:00,0.01019,0.01693,R0.0145_0.0185_G8,90,5m,True,165.02040408115874
21.69681,64.52199125702563,21.69681,57.57326352275467,165.35358664593863,35.87645352275467,24.807806086125044,11.068647436629625,24.791508718726284,0.6610722122211933,7161,3559,7.493936714107185,ohlc,False,,2026-07-09T17:10:00+00:00,2026-10-07T17:05:00+00:00,0.01019,0.01693,R0.0140_0.0185_G32,90,5m,True,163.78347510389173
21.69681,125.24857126363791,21.69681,57.69755265873561,165.92643185212762,36.00074265873561,25.320163831411982,10.680578827323629,24.79150871872634,2.896737343160726,1050,512,2.228549544706038,ohlc,False,,2026-07-09T17:10:00+00:00,2026-10-07T17:05:00+00:00,0.01019,0.01693,R0.0140_0.0210_G16,90,5m,True,163.23848774461092
21.69681,64.52199125702563,21.69681,57.37206041083541,164.42624704200946,35.67525041083541,24.099238616736997,11.576011794098413,24.791508718726284,0.7635964892802471,8204,4080,8.688625598048613,ohlc,False,,2026-07-09T17:10:00+00:00,2026-10-07T17:05:00+00:00,0.01019,0.01693,R0.0145_0.0185_G32,90,5m,True,162.80487336143304
21.69681,125.24857126363791,21.69681,57.37328569707684,164.43189435256537,35.67647569707684,26.440459270576227,9.236016426500608,29.215537617624797,0.4386318116630873,1686,833,3.3640307367193842,ohlc,False,,2026-07-09T17:10:00+00:00,2026-10-07T17:05:00+00:00,0.01019,0.01693,R0.0135_0.0180_G16,90,5m,True,162.7518015658526
21.69681,236.58063460909386,21.69681,57.4131081284135,164.61543484232706,35.7162981284135,26.99467152183427,8.721626606579228,24.791508718726302,1.4857915659969207,442,215,1.748362731838093,ohlc,False,,2026-07-09T17:10:00+00:00,2026-10-07T17:05:00+00:00,0.01019,0.01693,R0.0145_0.0190_G8,90,5m,True,162.6329636233923
21.69681,101.39170054675449,21.69681,57.2377136980671,163.80704674128177,35.5409036980671,25.89107430242146,9.64982939564564,28.37286544640605,0.5035896371251414,2633,1304,4.246113463515249,ohlc,False,,2026-07-09T17:10:00+00:00,2026-10-07T17:05:00+00:00,0.01019,0.01693,R0.0135_0.0180_G20,90,5m,True,162.1366086503989
21.69681,64.52199125702563,21.69681,56.867886938000204,162.10252538506907,35.171076938000205,23.1149176876783,12.056159250321905,24.791508718726284,0.9113490934714172,9588,4771,10.257274503715616,ohlc,False,,2026-07-09T17:10:00+00:00,2026-10-07T17:05:00+00:00,0.01019,0.01693,R0.0150_0.0185_G32,90,5m,True,160.40727540239706
21.69681,85.16902845927379,21.69681,56.617012912773134,160.9462539090914,34.920202912773135,22.912638886905683,12.007564025867453,24.791508718726334,1.2805138183883122,7717,3841,10.935857329853981,ohlc,False,,2026-07-09T17:10:00+00:00,2026-10-07T17:05:00+00:00,0.01019,0.01693,R0.0155_0.0180_G24,90,5m,True,159.06642156396094
21.69681,163.78659319091113,21.69681,56.443657996265316,160.14726587118253,34.746847996265316,25.62093353592755,9.125914460337768,24.791508718726316,0.6144355866071862,1050,517,2.757119805811354,ohlc,False,,2026-07-09T17:10:00+00:00,2026-10-07T17:05:00+00:00,0.01019,0.01693,R0.0140_0.0180_G12,90,5m,True,158.60047264194262
21.69681,236.58063460909386,21.69681,56.47241253080941,160.27979472931463,34.77560253080941,25.902713969492897,8.872888561316515,24.791508718726302,1.977207804297179,383,185,1.532577692024898,ohlc,False,,2026-07-09T17:10:00+00:00,2026-10-07T17:05:00+00:00,0.01019,0.01693,R0.0145_0.0195_G8,90,5m,True,158.05161539122975
21.69681,85.16902845927379,21.69681,56.35594472135023,159.74299780175164,34.65913472135023,24.72788482271023,9.93124989864,27.79984836997728,0.6215558952685709,3708,1839,5.027600606988804,ohlc,False,,2026-07-09T17:10:00+00:00,2026-10-07T17:05:00+00:00,0.01019,0.01693,R0.0135_0.0180_G24,90,5m,True,158.04222743561849
21.69681,163.78659319091113,21.69681,56.22963457402217,159.16083780990004,34.53282457402217,24.564880188989708,9.967944385032464,24.791508718726316,3.131917407826594,571,276,1.6011690701825225,ohlc,False,,2026-07-09T17:10:00+00:00,2026-10-07T17:05:00+00:00,0.01019,0.01693,R0.0140_0.0210_G12,90,5m,True,156.35530367005043
21.69681,64.52199125702563,21.69681,55.86368640620968,157.4741927786144,34.16687640620968,23.32871592162783,10.838160484581856,24.791508718726284,1.0026471434393047,7837,3898,8.097843234530103,ohlc,False,,2026-07-09T17:10:00+00:00,2026-10-07T17:05:00+00:00,0.01019,0.01693,R0.0140_0.0180_G32,90,5m,True,155.73329377095843
21.69681,236.58063460909386,21.69681,55.79802010774147,157.17153861669746,34.10121010774147,26.230492683105243,7.870717424636229,24.791508718726302,0.5197030630415727,481,235,1.8298864937782189,ohlc,False,,2026-07-09T17:10:00+00:00,2026-10-07T17:05:00+00:00,0.01019,0.01693,R0.0140_0.0180_G8,90,5m,True,155.67211164924038
21.69681,236.58063460909386,21.69681,55.836022404904824,157.3466901581607,34.139212404904825,25.19494330948061,8.944269095424218,24.791508718726302,2.340683493051994,341,164,1.3734871207704855,ohlc,False,,2026-07-09T17:10:00+00:00,2026-10-07T17:05:00+00:00,0.01019,0.01693,R0.0145_0.0200_G8,90,5m,True,154.9367729756984
21.69681,163.78659319091113,21.69681,55.69379888449056,156.69118586783293,33.99698888449056,25.399967518289255,8.597021366201307,30.576777278824295,0.4987071461333004,906,445,2.361746608085603,ohlc,False,,2026-07-09T17:10:00+00:00,2026-10-07T17:05:00+00:00,0.01019,0.01693,R0.0135_0.0180_G12,90,5m,True,154.91299343082505
21.69681,64.52199125702563,21.69681,55.6008836282482,156.26294200966962,33.9040736282482,22.53495609038482,11.369117537863374,24.791508718726284,1.1939422839448297,9188,4573,9.614397220430792,ohlc,False,,2026-07-09T17:10:00+00:00,2026-10-07T17:05:00+00:00,0.01019,0.01693,R0.0145_0.0180_G32,90,5m,True,154.4263954317609
21.69681,236.58063460909386,21.69681,55.37311952897747,155.21318354623318,33.67630952897747,25.139242546462746,8.537066982514723,24.791508718726302,2.017642832506314,311,149,1.234596526643297,ohlc,False,,2026-07-09T17:10:00+00:00,2026-10-07T17:05:00+00:00,0.01019,0.01693,R0.0140_0.0200_G8,90,5m,True,152.9647866940437
21.69681,236.58063460909386,21.69681,55.28179895064198,154.79228951464285,33.58498895064198,25.214009864535484,8.370979086106495,24.791508718726302,1.6164986349929844,336,162,1.3286905919860759,ohlc,False,,2026-07-09T17:10:00+00:00,2026-10-07T17:05:00+00:00,0.01019,0.01693,R0.0140_0.0195_G8,90,5m,True,152.74446476121005
21.69681,64.52199125702563,21.69681,54.76211414840044,152.39707656747902,33.06530414840044,22.77585124118013,10.289452907220316,27.07055390906791,0.8415724041058635,6452,3206,6.6225653901913155,ohlc,False,,2026-07-09T17:10:00+00:00,2026-10-07T17:05:00+00:00,0.01019,0.01693,R0.0135_0.0180_G32,90,5m,True,150.62276266997267
21.69681,236.58063460909386,21.69681,54.92362086194676,153.1414565641067,33.22681086194676,23.755941339126142,9.470869522820617,25.404406516244986,3.6855631645482974,304,145,1.2461847374010455,ohlc,False,,2026-07-09T17:10:00+00:00,2026-10-07T17:05:00+00:00,0.01019,0.01693,R0.0150_0.0210_G8,90,5m,True,150.0284546560203
21.69681,64.52199125702563,21.69681,54.51845179936216,151.27404350852572,32.82164179936216,20.940123736443248,11.881518062918914,24.791508718726284,1.441322783682516,10862,5409,11.48529422785357,ohlc,False,,2026-07-09T17:10:00+00:00,2026-10-07T17:05:00+00:00,0.01019,0.01693,R0.0150_0.0180_G32,90,5m,True,149.31380668074817
21.69681,236.58063460909386,21.69681,54.39194732913644,150.6909878877883,32.69513732913644,24.568950363406238,8.126186965730206,24.791508718726302,0.9785181755157968,402,195,1.5458472811297213,ohlc,False,,2026-07-09T17:10:00+00:00,2026-10-07T17:05:00+00:00,0.01019,0.01693,R0.0140_0.0185_G8,90,5m,True,148.96215336409412
21.69681,236.58063460909386,21.69681,53.59536439880193,147.01955909095358,31.898554398801927,23.648972287246444,8.249582111555483,24.791508718726302,1.4720917647819616,348,168,1.3568182274136729,ohlc,False,,2026-07-09T17:10:00+00:00,2026-10-07T17:05:00+00:00,0.01019,0.01693,R0.0140_0.0190_G8,90,5m,True,145.0439377726263
21.69681,236.58063460909386,21.69681,53.630238399888114,147.18029240191584,31.933428399888115,23.260692464402958,8.672735935485157,24.791508718726302,3.078040087894525,253,120,1.0107641342305256,ohlc,False,,2026-07-09T17:10:00+00:00,2026-10-07T17:05:00+00:00,0.01019,0.01693,R0.0140_0.0210_G8,90,5m,True,144.40169692203227
21.69681,236.58063460909386,21.69681,53.31928317652998,145.74710833772326,31.622473176529976,22.47530641634933,9.147166760180646,24.791508718726302,3.3846010475032933,264,125,1.0742558805503766,ohlc,False,,2026-07-09T17:10:00+00:00,2026-10-07T17:05:00+00:00,0.01019,0.01693,R0.0145_0.0210_G8,90,5m,True,142.81523237803532
21.69681,236.58063460909386,21.69681,51.90382926026554,139.22332020359462,30.20701926026554,22.85902101389427,7.347998246371269,33.14800774997894,0.5155087794279586,367,178,1.3907496727375914,ohlc,False,,2026-07-09T17:10:00+00:00,2026-10-07T17:05:00+00:00,0.01019,0.01693,R0.0135_0.0180_G8,90,5m,True,137.30816542638172
21.69681,64.52199125702563,21.69681,51.62698244086687,137.94734083428335,29.930172440866873,17.56791926311237,12.362253177754503,24.791508718726284,1.7433857201913439,12394,6174,13.297450447499907,ohlc,False,,2026-07-09T17:10:00+00:00,2026-10-07T17:05:00+00:00,0.01019,0.01693,R0.0155_0.0180_G32,90,5m,True,135.8360725382514
